Group,Hub_Food,Hub_Centrality,Severity_Indicator,N_Low,N_High,Low_Mean,High_Mean,Difference,P_Value,Significant,Direction
Male_Young_MetS(+),Grain Products,0.273,BMI(kg/m2),432,84,28.55,28.15,-0.40,0.3095,ns,No association
Male_Young_MetS(+),Grain Products,0.273,Waist circumference (cm),432,84,97.78,97.24,-0.54,0.6045,ns,No association
Male_Young_MetS(+),Grain Products,0.273,Systolic blood pressure (mmHg),432,84,128.90,128.23,-0.68,0.9939,ns,No association
Male_Young_MetS(+),Grain Products,0.273,Diastolic Blood Pressure (mmHg),432,84,84.22,83.01,-1.21,0.3483,ns,No association
Male_Young_MetS(+),Grain Products,0.273,Fasting glucose (mg/dL),432,84,104.91,105.58,0.68,0.0598,ns,No association
Male_Young_MetS(+),Grain Products,0.273,Triglycerides (mg/dL),432,84,198.35,241.74,43.39,0.0119,*,Aggravating
Male_Young_MetS(+),Grain Products,0.273,HDL-C (mg/dL),432,84,42.60,40.36,-2.24,0.0193,*,Aggravating
Male_Young_MetS(+),Grain Products,0.273,N_MetS_Components,432,84,3.42,3.45,0.03,0.7320,ns,No association
Male_Young_MetS(+),Fried Foods,0.273,BMI(kg/m2),217,61,28.14,29.17,1.03,0.1578,ns,No association
Male_Young_MetS(+),Fried Foods,0.273,Waist circumference (cm),217,61,97.00,98.97,1.96,0.2131,ns,No association
Male_Young_MetS(+),Fried Foods,0.273,Systolic blood pressure (mmHg),217,61,128.61,127.72,-0.89,0.5511,ns,No association
Male_Young_MetS(+),Fried Foods,0.273,Diastolic Blood Pressure (mmHg),217,61,84.08,82.72,-1.36,0.1656,ns,No association
Male_Young_MetS(+),Fried Foods,0.273,Fasting glucose (mg/dL),217,61,104.68,111.79,7.11,0.6122,ns,No association
Male_Young_MetS(+),Fried Foods,0.273,Triglycerides (mg/dL),217,61,203.46,225.28,21.82,0.5604,ns,No association
Male_Young_MetS(+),Fried Foods,0.273,HDL-C (mg/dL),217,61,43.35,41.07,-2.28,0.1537,ns,No association
Male_Young_MetS(+),Fried Foods,0.273,N_MetS_Components,217,61,3.39,3.43,0.04,0.6709,ns,No association
Male_Middle_MetS(+),Fried Foods,0.364,BMI(kg/m2),1939,182,26.50,27.51,1.01,0.0003,***,Aggravating
Male_Middle_MetS(+),Fried Foods,0.364,Waist circumference (cm),1939,182,93.14,96.07,2.93,0.0000,***,Aggravating
Male_Middle_MetS(+),Fried Foods,0.364,Systolic blood pressure (mmHg),1939,182,124.95,124.56,-0.39,0.7291,ns,No association
Male_Middle_MetS(+),Fried Foods,0.364,Diastolic Blood Pressure (mmHg),1939,182,83.83,82.24,-1.59,0.0392,*,Alleviating
Male_Middle_MetS(+),Fried Foods,0.364,Fasting glucose (mg/dL),1939,182,113.99,109.18,-4.82,0.0000,***,Alleviating
Male_Middle_MetS(+),Fried Foods,0.364,Triglycerides (mg/dL),1939,182,178.39,185.89,7.50,0.3503,ns,No association
Male_Middle_MetS(+),Fried Foods,0.364,HDL-C (mg/dL),1939,182,45.11,44.85,-0.26,0.6910,ns,No association
Male_Middle_MetS(+),Fried Foods,0.364,N_MetS_Components,1939,182,3.06,3.01,-0.05,0.5469,ns,No association
Male_Middle_MetS(+),Processed Foods,0.364,BMI(kg/m2),1689,228,26.47,27.44,0.97,0.0000,***,Aggravating
Male_Middle_MetS(+),Processed Foods,0.364,Waist circumference (cm),1689,228,93.10,95.65,2.55,0.0000,***,Aggravating
Male_Middle_MetS(+),Processed Foods,0.364,Systolic blood pressure (mmHg),1689,228,124.97,124.43,-0.54,0.4198,ns,No association
Male_Middle_MetS(+),Processed Foods,0.364,Diastolic Blood Pressure (mmHg),1689,228,83.76,83.50,-0.25,0.5022,ns,No association
Male_Middle_MetS(+),Processed Foods,0.364,Fasting glucose (mg/dL),1689,228,113.17,114.31,1.14,0.0582,ns,No association
Male_Middle_MetS(+),Processed Foods,0.364,Triglycerides (mg/dL),1689,228,174.10,199.05,24.95,0.0001,***,Aggravating
Male_Middle_MetS(+),Processed Foods,0.364,HDL-C (mg/dL),1689,228,45.32,44.32,-1.00,0.0518,ns,No association
Male_Middle_MetS(+),Processed Foods,0.364,N_MetS_Components,1689,228,3.04,3.14,0.10,0.0575,ns,No association
Male_Middle_MetS(+),Protein Foods,0.273,BMI(kg/m2),2111,827,26.65,27.08,0.43,0.0002,***,Aggravating
Male_Middle_MetS(+),Protein Foods,0.273,Waist circumference (cm),2111,827,93.47,94.81,1.34,0.0000,***,Aggravating
Male_Middle_MetS(+),Protein Foods,0.273,Systolic blood pressure (mmHg),2111,827,125.00,124.68,-0.32,0.5611,ns,No association
Male_Middle_MetS(+),Protein Foods,0.273,Diastolic Blood Pressure (mmHg),2111,827,83.87,83.61,-0.26,0.6306,ns,No association
Male_Middle_MetS(+),Protein Foods,0.273,Fasting glucose (mg/dL),2111,827,113.15,112.95,-0.19,0.4044,ns,No association
Male_Middle_MetS(+),Protein Foods,0.273,Triglycerides (mg/dL),2111,827,180.52,182.79,2.26,0.5351,ns,No association
Male_Middle_MetS(+),Protein Foods,0.273,HDL-C (mg/dL),2111,827,44.91,45.63,0.72,0.2254,ns,No association
Male_Middle_MetS(+),Protein Foods,0.273,N_MetS_Components,2111,827,3.07,3.09,0.02,0.6339,ns,No association
Male_Older_MetS(+),Processed Foods,0.364,BMI(kg/m2),768,203,25.37,25.77,0.40,0.0180,*,Aggravating
Male_Older_MetS(+),Processed Foods,0.364,Waist circumference (cm),768,203,91.46,92.33,0.87,0.0538,ns,No association
Male_Older_MetS(+),Processed Foods,0.364,Systolic blood pressure (mmHg),768,203,127.21,125.67,-1.55,0.1579,ns,No association
Male_Older_MetS(+),Processed Foods,0.364,Diastolic Blood Pressure (mmHg),768,203,79.45,79.42,-0.03,0.9376,ns,No association
Male_Older_MetS(+),Processed Foods,0.364,Fasting glucose (mg/dL),768,203,115.02,117.31,2.28,0.4249,ns,No association
Male_Older_MetS(+),Processed Foods,0.364,Triglycerides (mg/dL),768,203,128.35,134.49,6.14,0.0403,*,Aggravating
Male_Older_MetS(+),Processed Foods,0.364,HDL-C (mg/dL),768,203,46.96,46.13,-0.83,0.3100,ns,No association
Male_Older_MetS(+),Processed Foods,0.364,N_MetS_Components,768,203,2.61,2.74,0.14,0.1237,ns,No association
Male_Older_MetS(+),Protein Foods,0.273,BMI(kg/m2),723,248,25.46,25.41,-0.05,0.3231,ns,No association
Male_Older_MetS(+),Protein Foods,0.273,Waist circumference (cm),723,248,91.56,91.85,0.29,0.7636,ns,No association
Male_Older_MetS(+),Protein Foods,0.273,Systolic blood pressure (mmHg),723,248,126.58,127.79,1.21,0.3521,ns,No association
Male_Older_MetS(+),Protein Foods,0.273,Diastolic Blood Pressure (mmHg),723,248,79.41,79.54,0.14,0.6407,ns,No association
Male_Older_MetS(+),Protein Foods,0.273,Fasting glucose (mg/dL),723,248,116.11,113.74,-2.37,0.3114,ns,No association
Male_Older_MetS(+),Protein Foods,0.273,Triglycerides (mg/dL),723,248,130.17,128.06,-2.12,0.7381,ns,No association
Male_Older_MetS(+),Protein Foods,0.273,HDL-C (mg/dL),723,248,46.95,46.29,-0.66,0.8015,ns,No association
Male_Older_MetS(+),Protein Foods,0.273,N_MetS_Components,723,248,2.63,2.65,0.02,0.6511,ns,No association
Female_Middle_MetS(+),Fried Foods,0.455,BMI(kg/m2),509,249,25.09,26.03,0.94,0.0010,**,Aggravating
Female_Middle_MetS(+),Fried Foods,0.455,Waist circumference (cm),509,249,87.82,90.02,2.20,0.0001,***,Aggravating
Female_Middle_MetS(+),Fried Foods,0.455,Systolic blood pressure (mmHg),509,249,125.21,123.76,-1.45,0.2950,ns,No association
Female_Middle_MetS(+),Fried Foods,0.455,Diastolic Blood Pressure (mmHg),509,249,80.04,78.65,-1.39,0.0770,ns,No association
Female_Middle_MetS(+),Fried Foods,0.455,Fasting glucose (mg/dL),509,249,108.42,107.43,-1.00,0.8742,ns,No association
Female_Middle_MetS(+),Fried Foods,0.455,Triglycerides (mg/dL),509,249,136.01,144.75,8.75,0.0213,*,Aggravating
Female_Middle_MetS(+),Fried Foods,0.455,HDL-C (mg/dL),509,249,49.70,49.71,0.01,0.7249,ns,No association
Female_Middle_MetS(+),Fried Foods,0.455,N_MetS_Components,509,249,2.93,3.07,0.15,0.0483,*,Aggravating
Female_Middle_MetS(+),High Fat Meat,0.364,BMI(kg/m2),506,26,25.17,25.24,0.07,0.8098,ns,No association
Female_Middle_MetS(+),High Fat Meat,0.364,Waist circumference (cm),506,26,88.04,89.05,1.00,0.4593,ns,No association
Female_Middle_MetS(+),High Fat Meat,0.364,Systolic blood pressure (mmHg),506,26,125.15,123.65,-1.49,0.7087,ns,No association
Female_Middle_MetS(+),High Fat Meat,0.364,Diastolic Blood Pressure (mmHg),506,26,79.72,78.73,-0.99,0.5192,ns,No association
Female_Middle_MetS(+),High Fat Meat,0.364,Fasting glucose (mg/dL),506,26,108.36,107.85,-0.51,0.6263,ns,No association
Female_Middle_MetS(+),High Fat Meat,0.364,Triglycerides (mg/dL),506,26,136.92,144.38,7.46,0.8711,ns,No association
Female_Middle_MetS(+),High Fat Meat,0.364,HDL-C (mg/dL),506,26,49.22,51.81,2.59,0.4461,ns,No association
Female_Middle_MetS(+),High Fat Meat,0.364,N_MetS_Components,506,26,2.97,2.77,-0.20,0.1480,ns,No association
Female_Middle_MetS(+),Processed Foods,0.273,BMI(kg/m2),484,50,25.12,25.66,0.54,0.2005,ns,No association
Female_Middle_MetS(+),Processed Foods,0.273,Waist circumference (cm),484,50,88.21,89.12,0.90,0.4616,ns,No association
Female_Middle_MetS(+),Processed Foods,0.273,Systolic blood pressure (mmHg),484,50,125.32,122.20,-3.12,0.1222,ns,No association
Female_Middle_MetS(+),Processed Foods,0.273,Diastolic Blood Pressure (mmHg),484,50,79.99,78.38,-1.61,0.2789,ns,No association
Female_Middle_MetS(+),Processed Foods,0.273,Fasting glucose (mg/dL),484,50,107.86,105.14,-2.72,0.4022,ns,No association
Female_Middle_MetS(+),Processed Foods,0.273,Triglycerides (mg/dL),484,50,133.64,153.92,20.28,0.0175,*,Aggravating
Female_Middle_MetS(+),Processed Foods,0.273,HDL-C (mg/dL),484,50,50.31,47.16,-3.15,0.1004,ns,No association
Female_Middle_MetS(+),Processed Foods,0.273,N_MetS_Components,484,50,2.95,3.00,0.05,0.5730,ns,No association
Female_Older_MetS(+),Protein Foods,0.364,BMI(kg/m2),525,155,24.30,24.40,0.10,0.5861,ns,No association
Female_Older_MetS(+),Protein Foods,0.364,Waist circumference (cm),525,155,87.57,87.61,0.04,0.8629,ns,No association
Female_Older_MetS(+),Protein Foods,0.364,Systolic blood pressure (mmHg),525,155,129.97,130.26,0.29,0.7806,ns,No association
Female_Older_MetS(+),Protein Foods,0.364,Diastolic Blood Pressure (mmHg),525,155,77.35,76.76,-0.59,0.4829,ns,No association
Female_Older_MetS(+),Protein Foods,0.364,Fasting glucose (mg/dL),525,155,111.03,112.94,1.90,0.7380,ns,No association
Female_Older_MetS(+),Protein Foods,0.364,Triglycerides (mg/dL),525,155,115.47,111.63,-3.85,0.6071,ns,No association
Female_Older_MetS(+),Protein Foods,0.364,HDL-C (mg/dL),525,155,52.99,55.78,2.79,0.0091,**,Alleviating
Female_Older_MetS(+),Protein Foods,0.364,N_MetS_Components,525,155,2.68,2.68,0.01,0.8795,ns,No association
Female_Older_MetS(+),Processed Foods,0.364,BMI(kg/m2),595,85,24.25,24.80,0.54,0.2532,ns,No association
Female_Older_MetS(+),Processed Foods,0.364,Waist circumference (cm),595,85,87.39,88.93,1.54,0.1240,ns,No association
Female_Older_MetS(+),Processed Foods,0.364,Systolic blood pressure (mmHg),595,85,129.93,130.78,0.84,0.7198,ns,No association
Female_Older_MetS(+),Processed Foods,0.364,Diastolic Blood Pressure (mmHg),595,85,77.17,77.49,0.32,0.7460,ns,No association
Female_Older_MetS(+),Processed Foods,0.364,Fasting glucose (mg/dL),595,85,111.63,110.31,-1.33,0.3358,ns,No association
Female_Older_MetS(+),Processed Foods,0.364,Triglycerides (mg/dL),595,85,113.85,119.81,5.96,0.0935,ns,No association
Female_Older_MetS(+),Processed Foods,0.364,HDL-C (mg/dL),595,85,53.56,54.12,0.56,0.7478,ns,No association
Female_Older_MetS(+),Processed Foods,0.364,N_MetS_Components,595,85,2.68,2.69,0.02,0.6799,ns,No association
Female_Older_MetS(+),Sugar-Sweetened Beverages,0.364,BMI(kg/m2),619,61,24.29,24.64,0.36,0.3935,ns,No association
Female_Older_MetS(+),Sugar-Sweetened Beverages,0.364,Waist circumference (cm),619,61,87.46,88.80,1.35,0.2548,ns,No association
Female_Older_MetS(+),Sugar-Sweetened Beverages,0.364,Systolic blood pressure (mmHg),619,61,130.02,130.28,0.26,0.8028,ns,No association
Female_Older_MetS(+),Sugar-Sweetened Beverages,0.364,Diastolic Blood Pressure (mmHg),619,61,77.27,76.67,-0.60,0.9346,ns,No association
Female_Older_MetS(+),Sugar-Sweetened Beverages,0.364,Fasting glucose (mg/dL),619,61,111.44,111.70,0.26,0.8872,ns,No association
Female_Older_MetS(+),Sugar-Sweetened Beverages,0.364,Triglycerides (mg/dL),619,61,114.18,118.79,4.60,0.3575,ns,No association
Female_Older_MetS(+),Sugar-Sweetened Beverages,0.364,HDL-C (mg/dL),619,61,53.66,53.33,-0.33,0.8017,ns,No association
Female_Older_MetS(+),Sugar-Sweetened Beverages,0.364,N_MetS_Components,619,61,2.67,2.74,0.06,0.5560,ns,No association
