Group,MetS_Status,Hub_Food,Hub_Centrality,Split_Method,Compared_Food,N_Low,N_High,Low_Mean,High_Mean,Difference,P_Value,Significant
Male_Young_MetS(+),MetS(+),Grain Products,0.273,binary,Fried Foods,432,84,1.674,1.893,0.219,0.0122,*
Male_Young_MetS(+),MetS(+),Grain Products,0.273,binary,Processed Foods,432,84,1.787,1.845,0.058,0.3263,ns
Male_Young_MetS(+),MetS(+),Grain Products,0.273,binary,Sugar-Sweetened Beverages,432,84,1.979,1.929,-0.051,0.768,ns
Male_Young_MetS(+),MetS(+),Grain Products,0.273,binary,High Fat Meat,432,84,1.954,2.071,0.118,0.1772,ns
Male_Young_MetS(+),MetS(+),Grain Products,0.273,binary,Vegetables,432,84,2.475,3.036,0.561,0.0,***
Male_Young_MetS(+),MetS(+),Grain Products,0.273,binary,Fruits,432,84,1.5,1.69,0.19,0.0254,*
Male_Young_MetS(+),MetS(+),Grain Products,0.273,binary,Protein Foods,432,84,3.106,3.536,0.429,0.0,***
Male_Young_MetS(+),MetS(+),Protein Foods,0.273,binary,Fried Foods,325,191,1.622,1.859,0.237,0.0009,***
Male_Young_MetS(+),MetS(+),Protein Foods,0.273,binary,Processed Foods,325,191,1.772,1.838,0.065,0.4878,ns
Male_Young_MetS(+),MetS(+),Protein Foods,0.273,binary,Sugar-Sweetened Beverages,325,191,1.985,1.948,-0.037,0.4846,ns
Male_Young_MetS(+),MetS(+),Protein Foods,0.273,binary,High Fat Meat,325,191,1.846,2.188,0.342,0.0,***
Male_Young_MetS(+),MetS(+),Protein Foods,0.273,binary,Vegetables,325,191,2.342,2.948,0.606,0.0,***
Male_Young_MetS(+),MetS(+),Protein Foods,0.273,binary,Fruits,325,191,1.468,1.639,0.171,0.0111,*
Male_Young_MetS(+),MetS(+),Protein Foods,0.273,binary,Grain Products,325,191,1.911,2.162,0.252,0.0,***
Male_Young_MetS(+),MetS(+),Fried Foods,0.273,tertile,Processed Foods,217,61,1.548,2.377,0.829,0.0,***
Male_Young_MetS(+),MetS(+),Fried Foods,0.273,tertile,Sugar-Sweetened Beverages,217,61,1.77,2.279,0.509,0.0001,***
Male_Young_MetS(+),MetS(+),Fried Foods,0.273,tertile,High Fat Meat,217,61,1.733,2.59,0.857,0.0,***
Male_Young_MetS(+),MetS(+),Fried Foods,0.273,tertile,Vegetables,217,61,2.498,2.885,0.388,0.004,**
Male_Young_MetS(+),MetS(+),Fried Foods,0.273,tertile,Fruits,217,61,1.507,1.803,0.296,0.0012,**
Male_Young_MetS(+),MetS(+),Fried Foods,0.273,tertile,Protein Foods,217,61,3.055,3.525,0.469,0.0,***
Male_Young_MetS(+),MetS(+),Fried Foods,0.273,tertile,Grain Products,217,61,1.963,2.115,0.152,0.0719,ns
Male_Middle_MetS(+),MetS(+),Fried Foods,0.364,tertile,Processed Foods,1939,182,1.369,2.099,0.73,0.0,***
Male_Middle_MetS(+),MetS(+),Fried Foods,0.364,tertile,Sugar-Sweetened Beverages,1939,182,1.368,2.005,0.638,0.0,***
Male_Middle_MetS(+),MetS(+),Fried Foods,0.364,tertile,High Fat Meat,1939,182,1.468,2.341,0.872,0.0,***
Male_Middle_MetS(+),MetS(+),Fried Foods,0.364,tertile,Vegetables,1939,182,2.673,3.0,0.327,0.0,***
Male_Middle_MetS(+),MetS(+),Fried Foods,0.364,tertile,Fruits,1939,182,1.891,1.978,0.087,0.1549,ns
Male_Middle_MetS(+),MetS(+),Fried Foods,0.364,tertile,Protein Foods,1939,182,2.933,3.401,0.468,0.0,***
Male_Middle_MetS(+),MetS(+),Fried Foods,0.364,tertile,Grain Products,1939,182,2.075,2.264,0.188,0.0005,***
Male_Middle_MetS(+),MetS(+),Processed Foods,0.364,tertile,Fried Foods,1689,228,1.24,1.851,0.61,0.0,***
Male_Middle_MetS(+),MetS(+),Processed Foods,0.364,tertile,Sugar-Sweetened Beverages,1689,228,1.314,2.215,0.901,0.0,***
Male_Middle_MetS(+),MetS(+),Processed Foods,0.364,tertile,High Fat Meat,1689,228,1.485,2.066,0.58,0.0,***
Male_Middle_MetS(+),MetS(+),Processed Foods,0.364,tertile,Vegetables,1689,228,2.77,2.754,-0.016,0.9028,ns
Male_Middle_MetS(+),MetS(+),Processed Foods,0.364,tertile,Fruits,1689,228,1.955,1.864,-0.091,0.0842,ns
Male_Middle_MetS(+),MetS(+),Processed Foods,0.364,tertile,Protein Foods,1689,228,3.005,3.206,0.201,0.0002,***
Male_Middle_MetS(+),MetS(+),Processed Foods,0.364,tertile,Grain Products,1689,228,2.098,2.211,0.113,0.024,*
Male_Middle_MetS(+),MetS(+),Protein Foods,0.273,binary,Fried Foods,2111,827,1.348,1.559,0.21,0.0,***
Male_Middle_MetS(+),MetS(+),Protein Foods,0.273,binary,Processed Foods,2111,827,1.491,1.559,0.068,0.0558,ns
Male_Middle_MetS(+),MetS(+),Protein Foods,0.273,binary,Sugar-Sweetened Beverages,2111,827,1.465,1.559,0.093,0.0174,*
Male_Middle_MetS(+),MetS(+),Protein Foods,0.273,binary,High Fat Meat,2111,827,1.55,1.82,0.27,0.0,***
Male_Middle_MetS(+),MetS(+),Protein Foods,0.273,binary,Vegetables,2111,827,2.541,3.214,0.674,0.0,***
Male_Middle_MetS(+),MetS(+),Protein Foods,0.273,binary,Fruits,2111,827,1.87,2.015,0.144,0.0,***
Male_Middle_MetS(+),MetS(+),Protein Foods,0.273,binary,Grain Products,2111,827,1.972,2.399,0.427,0.0,***
Male_Older_MetS(+),MetS(+),Processed Foods,0.364,binary,Fried Foods,768,203,1.152,1.547,0.394,0.0,***
Male_Older_MetS(+),MetS(+),Processed Foods,0.364,binary,Sugar-Sweetened Beverages,768,203,1.184,1.616,0.432,0.0,***
Male_Older_MetS(+),MetS(+),Processed Foods,0.364,binary,High Fat Meat,768,203,1.315,1.621,0.306,0.0,***
Male_Older_MetS(+),MetS(+),Processed Foods,0.364,binary,Vegetables,768,203,2.802,2.645,-0.157,0.0176,*
Male_Older_MetS(+),MetS(+),Processed Foods,0.364,binary,Fruits,768,203,2.408,2.281,-0.127,0.0217,*
Male_Older_MetS(+),MetS(+),Processed Foods,0.364,binary,Protein Foods,768,203,2.986,2.911,-0.074,0.235,ns
Male_Older_MetS(+),MetS(+),Processed Foods,0.364,binary,Grain Products,768,203,2.243,2.202,-0.042,0.3342,ns
Male_Older_MetS(+),MetS(+),Protein Foods,0.273,binary,Fried Foods,723,248,1.22,1.278,0.058,0.1322,ns
Male_Older_MetS(+),MetS(+),Protein Foods,0.273,binary,Processed Foods,723,248,1.253,1.238,-0.015,0.5449,ns
Male_Older_MetS(+),MetS(+),Protein Foods,0.273,binary,Sugar-Sweetened Beverages,723,248,1.27,1.286,0.017,0.7631,ns
Male_Older_MetS(+),MetS(+),Protein Foods,0.273,binary,High Fat Meat,723,248,1.361,1.431,0.07,0.1025,ns
Male_Older_MetS(+),MetS(+),Protein Foods,0.273,binary,Vegetables,723,248,2.6,3.262,0.662,0.0,***
Male_Older_MetS(+),MetS(+),Protein Foods,0.273,binary,Fruits,723,248,2.333,2.52,0.187,0.0005,***
Male_Older_MetS(+),MetS(+),Protein Foods,0.273,binary,Grain Products,723,248,2.149,2.484,0.334,0.0,***
Male_Young_MetS(-),MetS(-),Fried Foods,0.364,binary,Processed Foods,3271,1466,1.304,1.694,0.39,0.0,***
Male_Young_MetS(-),MetS(-),Fried Foods,0.364,binary,Sugar-Sweetened Beverages,3271,1466,1.355,1.61,0.255,0.0,***
Male_Young_MetS(-),MetS(-),Fried Foods,0.364,binary,High Fat Meat,3271,1466,1.402,1.851,0.45,0.0,***
Male_Young_MetS(-),MetS(-),Fried Foods,0.364,binary,Vegetables,3271,1466,2.745,2.86,0.115,0.0001,***
Male_Young_MetS(-),MetS(-),Fried Foods,0.364,binary,Fruits,3271,1466,2.005,2.005,0.001,0.9783,ns
Male_Young_MetS(-),MetS(-),Fried Foods,0.364,binary,Protein Foods,3271,1466,2.945,3.158,0.213,0.0,***
Male_Young_MetS(-),MetS(-),Fried Foods,0.364,binary,Grain Products,3271,1466,2.092,2.123,0.03,0.1965,ns
Male_Young_MetS(-),MetS(-),Processed Foods,0.364,tertile,Fried Foods,3033,287,1.241,1.895,0.655,0.0,***
Male_Young_MetS(-),MetS(-),Processed Foods,0.364,tertile,Sugar-Sweetened Beverages,3033,287,1.277,2.01,0.733,0.0,***
Male_Young_MetS(-),MetS(-),Processed Foods,0.364,tertile,High Fat Meat,3033,287,1.438,2.01,0.572,0.0,***
Male_Young_MetS(-),MetS(-),Processed Foods,0.364,tertile,Vegetables,3033,287,2.851,2.753,-0.098,0.1573,ns
Male_Young_MetS(-),MetS(-),Processed Foods,0.364,tertile,Fruits,3033,287,2.061,1.857,-0.204,0.0,***
Male_Young_MetS(-),MetS(-),Processed Foods,0.364,tertile,Protein Foods,3033,287,3.01,3.157,0.147,0.0012,**
Male_Young_MetS(-),MetS(-),Processed Foods,0.364,tertile,Grain Products,3033,287,2.105,2.188,0.084,0.0679,ns
Male_Young_MetS(-),MetS(-),Vegetables,0.273,tertile,Fried Foods,1607,973,1.294,1.398,0.104,0.0006,***
Male_Young_MetS(-),MetS(-),Vegetables,0.273,tertile,Processed Foods,1607,973,1.477,1.345,-0.131,0.0,***
Male_Young_MetS(-),MetS(-),Vegetables,0.273,tertile,Sugar-Sweetened Beverages,1607,973,1.488,1.336,-0.152,0.0,***
Male_Young_MetS(-),MetS(-),Vegetables,0.273,tertile,High Fat Meat,1607,973,1.482,1.526,0.045,0.2166,ns
Male_Young_MetS(-),MetS(-),Vegetables,0.273,tertile,Fruits,1607,973,1.829,2.232,0.403,0.0,***
Male_Young_MetS(-),MetS(-),Vegetables,0.273,tertile,Protein Foods,1607,973,2.526,3.561,1.035,0.0,***
Male_Young_MetS(-),MetS(-),Vegetables,0.273,tertile,Grain Products,1607,973,1.939,2.33,0.391,0.0,***
Male_Middle_MetS(-),MetS(-),Processed Foods,0.273,tertile,Fried Foods,803,307,1.39,2.007,0.617,0.0,***
Male_Middle_MetS(-),MetS(-),Processed Foods,0.273,tertile,Sugar-Sweetened Beverages,803,307,1.629,2.404,0.775,0.0,***
Male_Middle_MetS(-),MetS(-),Processed Foods,0.273,tertile,High Fat Meat,803,307,1.599,2.303,0.704,0.0,***
Male_Middle_MetS(-),MetS(-),Processed Foods,0.273,tertile,Vegetables,803,307,2.719,2.583,-0.135,0.028,*
Male_Middle_MetS(-),MetS(-),Processed Foods,0.273,tertile,Fruits,803,307,1.644,1.511,-0.132,0.0054,**
Male_Middle_MetS(-),MetS(-),Processed Foods,0.273,tertile,Protein Foods,803,307,3.161,3.225,0.064,0.2227,ns
Male_Middle_MetS(-),MetS(-),Processed Foods,0.273,tertile,Grain Products,803,307,2.025,2.075,0.05,0.1836,ns
Male_Middle_MetS(-),MetS(-),Protein Foods,0.182,binary,Fried Foods,1229,734,1.553,1.738,0.185,0.0,***
Male_Middle_MetS(-),MetS(-),Protein Foods,0.182,binary,Processed Foods,1229,734,1.758,1.764,0.007,0.7381,ns
Male_Middle_MetS(-),MetS(-),Protein Foods,0.182,binary,Sugar-Sweetened Beverages,1229,734,1.941,1.89,-0.051,0.1837,ns
Male_Middle_MetS(-),MetS(-),Protein Foods,0.182,binary,High Fat Meat,1229,734,1.746,1.99,0.244,0.0,***
Male_Middle_MetS(-),MetS(-),Protein Foods,0.182,binary,Vegetables,1229,734,2.339,3.029,0.689,0.0,***
Male_Middle_MetS(-),MetS(-),Protein Foods,0.182,binary,Fruits,1229,734,1.533,1.657,0.124,0.0002,***
Male_Middle_MetS(-),MetS(-),Protein Foods,0.182,binary,Grain Products,1229,734,1.91,2.262,0.351,0.0,***
Male_Middle_MetS(-),MetS(-),Vegetables,0.182,tertile,Fried Foods,795,304,1.538,1.697,0.159,0.0079,**
Male_Middle_MetS(-),MetS(-),Vegetables,0.182,tertile,Processed Foods,795,304,1.801,1.609,-0.193,0.0,***
Male_Middle_MetS(-),MetS(-),Vegetables,0.182,tertile,Sugar-Sweetened Beverages,795,304,2.014,1.826,-0.188,0.0042,**
Male_Middle_MetS(-),MetS(-),Vegetables,0.182,tertile,High Fat Meat,795,304,1.732,1.938,0.205,0.0001,***
Male_Middle_MetS(-),MetS(-),Vegetables,0.182,tertile,Fruits,795,304,1.428,1.895,0.467,0.0,***
Male_Middle_MetS(-),MetS(-),Vegetables,0.182,tertile,Protein Foods,795,304,2.712,3.734,1.022,0.0,***
Male_Middle_MetS(-),MetS(-),Vegetables,0.182,tertile,Grain Products,795,304,1.907,2.289,0.383,0.0,***
Male_Older_MetS(-),MetS(-),High Fat Meat,0.364,tertile,Fried Foods,778,41,1.104,1.659,0.554,0.0,***
Male_Older_MetS(-),MetS(-),High Fat Meat,0.364,tertile,Processed Foods,778,41,1.109,1.561,0.452,0.0,***
Male_Older_MetS(-),MetS(-),High Fat Meat,0.364,tertile,Sugar-Sweetened Beverages,778,41,1.156,1.561,0.405,0.0002,***
Male_Older_MetS(-),MetS(-),High Fat Meat,0.364,tertile,Vegetables,778,41,2.879,3.195,0.316,0.0304,*
Male_Older_MetS(-),MetS(-),High Fat Meat,0.364,tertile,Fruits,778,41,2.393,2.317,-0.076,0.7973,ns
Male_Older_MetS(-),MetS(-),High Fat Meat,0.364,tertile,Protein Foods,778,41,2.913,3.415,0.502,0.0001,***
Male_Older_MetS(-),MetS(-),High Fat Meat,0.364,tertile,Grain Products,778,41,2.297,2.463,0.166,0.1805,ns
Male_Older_MetS(-),MetS(-),Processed Foods,0.364,binary,Fried Foods,974,195,1.143,1.492,0.35,0.0,***
Male_Older_MetS(-),MetS(-),Processed Foods,0.364,binary,Sugar-Sweetened Beverages,974,195,1.158,1.579,0.421,0.0,***
Male_Older_MetS(-),MetS(-),Processed Foods,0.364,binary,High Fat Meat,974,195,1.305,1.718,0.413,0.0,***
Male_Older_MetS(-),MetS(-),Processed Foods,0.364,binary,Vegetables,974,195,2.937,2.744,-0.194,0.0024,**
Male_Older_MetS(-),MetS(-),Processed Foods,0.364,binary,Fruits,974,195,2.388,2.318,-0.07,0.1236,ns
Male_Older_MetS(-),MetS(-),Processed Foods,0.364,binary,Protein Foods,974,195,3.008,3.036,0.028,0.8873,ns
Male_Older_MetS(-),MetS(-),Processed Foods,0.364,binary,Grain Products,974,195,2.303,2.21,-0.093,0.0943,ns
Male_Older_MetS(-),MetS(-),Protein Foods,0.273,binary,Fried Foods,846,323,1.18,1.257,0.077,0.029,*
Male_Older_MetS(-),MetS(-),Protein Foods,0.273,binary,Processed Foods,846,323,1.191,1.214,0.022,0.7487,ns
Male_Older_MetS(-),MetS(-),Protein Foods,0.273,binary,Sugar-Sweetened Beverages,846,323,1.21,1.276,0.065,0.1899,ns
Male_Older_MetS(-),MetS(-),Protein Foods,0.273,binary,High Fat Meat,846,323,1.314,1.529,0.215,0.0,***
Male_Older_MetS(-),MetS(-),Protein Foods,0.273,binary,Vegetables,846,323,2.723,3.381,0.657,0.0,***
Male_Older_MetS(-),MetS(-),Protein Foods,0.273,binary,Fruits,846,323,2.324,2.514,0.19,0.0,***
Male_Older_MetS(-),MetS(-),Protein Foods,0.273,binary,Grain Products,846,323,2.168,2.601,0.433,0.0,***
Female_Middle_MetS(+),MetS(+),Fried Foods,0.455,binary,Processed Foods,509,249,1.295,1.731,0.436,0.0,***
Female_Middle_MetS(+),MetS(+),Fried Foods,0.455,binary,Sugar-Sweetened Beverages,509,249,1.193,1.442,0.249,0.0,***
Female_Middle_MetS(+),MetS(+),Fried Foods,0.455,binary,High Fat Meat,509,249,1.257,1.614,0.357,0.0,***
Female_Middle_MetS(+),MetS(+),Fried Foods,0.455,binary,Vegetables,509,249,2.743,2.811,0.069,0.2552,ns
Female_Middle_MetS(+),MetS(+),Fried Foods,0.455,binary,Fruits,509,249,2.226,2.273,0.047,0.5296,ns
Female_Middle_MetS(+),MetS(+),Fried Foods,0.455,binary,Protein Foods,509,249,2.88,3.084,0.204,0.0012,**
Female_Middle_MetS(+),MetS(+),Fried Foods,0.455,binary,Grain Products,509,249,2.1,2.169,0.068,0.158,ns
Female_Middle_MetS(+),MetS(+),High Fat Meat,0.364,tertile,Fried Foods,506,26,1.253,1.808,0.555,0.0005,***
Female_Middle_MetS(+),MetS(+),High Fat Meat,0.364,tertile,Processed Foods,506,26,1.344,2.231,0.887,0.0,***
Female_Middle_MetS(+),MetS(+),High Fat Meat,0.364,tertile,Sugar-Sweetened Beverages,506,26,1.219,1.615,0.396,0.0117,*
Female_Middle_MetS(+),MetS(+),High Fat Meat,0.364,tertile,Vegetables,506,26,2.759,2.923,0.164,0.3896,ns
Female_Middle_MetS(+),MetS(+),High Fat Meat,0.364,tertile,Fruits,506,26,2.3,1.846,-0.454,0.005,**
Female_Middle_MetS(+),MetS(+),High Fat Meat,0.364,tertile,Protein Foods,506,26,2.887,3.269,0.382,0.0168,*
Female_Middle_MetS(+),MetS(+),High Fat Meat,0.364,tertile,Grain Products,506,26,2.126,2.231,0.104,0.3937,ns
Female_Middle_MetS(+),MetS(+),Processed Foods,0.273,tertile,Fried Foods,484,50,1.248,2.04,0.792,0.0,***
Female_Middle_MetS(+),MetS(+),Processed Foods,0.273,tertile,Sugar-Sweetened Beverages,484,50,1.169,1.58,0.411,0.0,***
Female_Middle_MetS(+),MetS(+),Processed Foods,0.273,tertile,High Fat Meat,484,50,1.271,1.8,0.529,0.0,***
Female_Middle_MetS(+),MetS(+),Processed Foods,0.273,tertile,Vegetables,484,50,2.773,2.94,0.167,0.1639,ns
Female_Middle_MetS(+),MetS(+),Processed Foods,0.273,tertile,Fruits,484,50,2.283,2.26,-0.023,0.9763,ns
Female_Middle_MetS(+),MetS(+),Processed Foods,0.273,tertile,Protein Foods,484,50,2.942,3.06,0.118,0.3022,ns
Female_Middle_MetS(+),MetS(+),Processed Foods,0.273,tertile,Grain Products,484,50,2.07,2.26,0.19,0.059,ns
Female_Older_MetS(+),MetS(+),Protein Foods,0.364,binary,Fried Foods,525,155,1.181,1.232,0.051,0.324,ns
Female_Older_MetS(+),MetS(+),Protein Foods,0.364,binary,Processed Foods,525,155,1.143,1.245,0.102,0.093,ns
Female_Older_MetS(+),MetS(+),Protein Foods,0.364,binary,Sugar-Sweetened Beverages,525,155,1.124,1.123,-0.001,0.4141,ns
Female_Older_MetS(+),MetS(+),Protein Foods,0.364,binary,High Fat Meat,525,155,1.189,1.335,0.147,0.0009,***
Female_Older_MetS(+),MetS(+),Protein Foods,0.364,binary,Vegetables,525,155,2.745,3.452,0.707,0.0,***
Female_Older_MetS(+),MetS(+),Protein Foods,0.364,binary,Fruits,525,155,2.438,2.658,0.22,0.0004,***
Female_Older_MetS(+),MetS(+),Protein Foods,0.364,binary,Grain Products,525,155,2.16,2.477,0.317,0.0,***
Female_Older_MetS(+),MetS(+),Processed Foods,0.364,binary,Fried Foods,595,85,1.128,1.647,0.519,0.0,***
Female_Older_MetS(+),MetS(+),Processed Foods,0.364,binary,Sugar-Sweetened Beverages,595,85,1.097,1.306,0.208,0.0001,***
Female_Older_MetS(+),MetS(+),Processed Foods,0.364,binary,High Fat Meat,595,85,1.165,1.624,0.459,0.0,***
Female_Older_MetS(+),MetS(+),Processed Foods,0.364,binary,Vegetables,595,85,2.934,2.706,-0.229,0.0363,*
Female_Older_MetS(+),MetS(+),Processed Foods,0.364,binary,Fruits,595,85,2.489,2.482,-0.007,0.8084,ns
Female_Older_MetS(+),MetS(+),Processed Foods,0.364,binary,Protein Foods,595,85,2.837,2.976,0.139,0.2015,ns
Female_Older_MetS(+),MetS(+),Processed Foods,0.364,binary,Grain Products,595,85,2.222,2.306,0.084,0.2948,ns
Female_Older_MetS(+),MetS(+),Sugar-Sweetened Beverages,0.364,binary,Fried Foods,619,61,1.174,1.377,0.203,0.0118,*
Female_Older_MetS(+),MetS(+),Sugar-Sweetened Beverages,0.364,binary,Processed Foods,619,61,1.145,1.377,0.232,0.0001,***
Female_Older_MetS(+),MetS(+),Sugar-Sweetened Beverages,0.364,binary,High Fat Meat,619,61,1.212,1.328,0.116,0.0753,ns
Female_Older_MetS(+),MetS(+),Sugar-Sweetened Beverages,0.364,binary,Vegetables,619,61,2.929,2.672,-0.257,0.0558,ns
Female_Older_MetS(+),MetS(+),Sugar-Sweetened Beverages,0.364,binary,Fruits,619,61,2.499,2.377,-0.122,0.1305,ns
Female_Older_MetS(+),MetS(+),Sugar-Sweetened Beverages,0.364,binary,Protein Foods,619,61,2.871,2.689,-0.182,0.1995,ns
Female_Older_MetS(+),MetS(+),Sugar-Sweetened Beverages,0.364,binary,Grain Products,619,61,2.228,2.279,0.051,0.6438,ns
Female_Young_MetS(-),MetS(-),Fried Foods,0.364,tertile,Processed Foods,1590,164,1.521,2.195,0.674,0.0,***
Female_Young_MetS(-),MetS(-),Fried Foods,0.364,tertile,Sugar-Sweetened Beverages,1590,164,1.449,1.75,0.301,0.0001,***
Female_Young_MetS(-),MetS(-),Fried Foods,0.364,tertile,High Fat Meat,1590,164,1.378,2.226,0.848,0.0,***
Female_Young_MetS(-),MetS(-),Fried Foods,0.364,tertile,Vegetables,1590,164,2.537,2.707,0.17,0.0189,*
Female_Young_MetS(-),MetS(-),Fried Foods,0.364,tertile,Fruits,1590,164,1.785,1.878,0.093,0.228,ns
Female_Young_MetS(-),MetS(-),Fried Foods,0.364,tertile,Protein Foods,1590,164,2.889,3.122,0.233,0.0008,***
Female_Young_MetS(-),MetS(-),Fried Foods,0.364,tertile,Grain Products,1590,164,2.009,2.207,0.199,0.0,***
Female_Young_MetS(-),MetS(-),Sugar-Sweetened Beverages,0.273,tertile,Fried Foods,1635,344,1.383,1.59,0.207,0.0,***
Female_Young_MetS(-),MetS(-),Sugar-Sweetened Beverages,0.273,tertile,Processed Foods,1635,344,1.521,2.064,0.543,0.0,***
Female_Young_MetS(-),MetS(-),Sugar-Sweetened Beverages,0.273,tertile,High Fat Meat,1635,344,1.461,1.706,0.246,0.0,***
Female_Young_MetS(-),MetS(-),Sugar-Sweetened Beverages,0.273,tertile,Vegetables,1635,344,2.623,2.366,-0.257,0.0,***
Female_Young_MetS(-),MetS(-),Sugar-Sweetened Beverages,0.273,tertile,Fruits,1635,344,1.845,1.666,-0.18,0.0,***
Female_Young_MetS(-),MetS(-),Sugar-Sweetened Beverages,0.273,tertile,Protein Foods,1635,344,2.965,2.878,-0.087,0.1059,ns
Female_Young_MetS(-),MetS(-),Sugar-Sweetened Beverages,0.273,tertile,Grain Products,1635,344,2.043,2.055,0.012,0.7399,ns
Female_Young_MetS(-),MetS(-),Grain Products,0.182,binary,Fried Foods,2080,439,1.417,1.542,0.125,0.0008,***
Female_Young_MetS(-),MetS(-),Grain Products,0.182,binary,Processed Foods,2080,439,1.647,1.708,0.061,0.2481,ns
Female_Young_MetS(-),MetS(-),Grain Products,0.182,binary,Sugar-Sweetened Beverages,2080,439,1.522,1.506,-0.016,0.7445,ns
Female_Young_MetS(-),MetS(-),Grain Products,0.182,binary,High Fat Meat,2080,439,1.511,1.615,0.104,0.0255,*
Female_Young_MetS(-),MetS(-),Grain Products,0.182,binary,Vegetables,2080,439,2.472,2.957,0.485,0.0,***
Female_Young_MetS(-),MetS(-),Grain Products,0.182,binary,Fruits,2080,439,1.765,1.943,0.178,0.0,***
Female_Young_MetS(-),MetS(-),Grain Products,0.182,binary,Protein Foods,2080,439,2.854,3.353,0.499,0.0,***
Female_Middle_MetS(-),MetS(-),Processed Foods,0.455,tertile,Fried Foods,3578,371,1.219,1.73,0.512,0.0,***
Female_Middle_MetS(-),MetS(-),Processed Foods,0.455,tertile,Sugar-Sweetened Beverages,3578,371,1.125,1.563,0.438,0.0,***
Female_Middle_MetS(-),MetS(-),Processed Foods,0.455,tertile,High Fat Meat,3578,371,1.246,1.666,0.42,0.0,***
Female_Middle_MetS(-),MetS(-),Processed Foods,0.455,tertile,Vegetables,3578,371,2.848,2.679,-0.168,0.0025,**
Female_Middle_MetS(-),MetS(-),Processed Foods,0.455,tertile,Fruits,3578,371,2.316,2.094,-0.221,0.0,***
Female_Middle_MetS(-),MetS(-),Processed Foods,0.455,tertile,Protein Foods,3578,371,2.962,2.968,0.005,0.9178,ns
Female_Middle_MetS(-),MetS(-),Processed Foods,0.455,tertile,Grain Products,3578,371,2.094,2.167,0.073,0.0361,*
Female_Middle_MetS(-),MetS(-),Sugar-Sweetened Beverages,0.455,binary,Fried Foods,4679,950,1.299,1.518,0.219,0.0,***
Female_Middle_MetS(-),MetS(-),Sugar-Sweetened Beverages,0.455,binary,Processed Foods,4679,950,1.364,1.791,0.427,0.0,***
Female_Middle_MetS(-),MetS(-),Sugar-Sweetened Beverages,0.455,binary,High Fat Meat,4679,950,1.306,1.537,0.231,0.0,***
Female_Middle_MetS(-),MetS(-),Sugar-Sweetened Beverages,0.455,binary,Vegetables,4679,950,2.807,2.628,-0.178,0.0,***
Female_Middle_MetS(-),MetS(-),Sugar-Sweetened Beverages,0.455,binary,Fruits,4679,950,2.283,2.152,-0.131,0.0,***
Female_Middle_MetS(-),MetS(-),Sugar-Sweetened Beverages,0.455,binary,Protein Foods,4679,950,2.953,2.884,-0.069,0.008,**
Female_Middle_MetS(-),MetS(-),Sugar-Sweetened Beverages,0.455,binary,Grain Products,4679,950,2.103,2.111,0.008,0.8054,ns
Female_Middle_MetS(-),MetS(-),Fried Foods,0.364,binary,Processed Foods,3995,1634,1.327,1.702,0.375,0.0,***
Female_Middle_MetS(-),MetS(-),Fried Foods,0.364,binary,Sugar-Sweetened Beverages,3995,1634,1.18,1.339,0.159,0.0,***
Female_Middle_MetS(-),MetS(-),Fried Foods,0.364,binary,High Fat Meat,3995,1634,1.239,1.603,0.364,0.0,***
Female_Middle_MetS(-),MetS(-),Fried Foods,0.364,binary,Vegetables,3995,1634,2.748,2.846,0.098,0.0011,**
Female_Middle_MetS(-),MetS(-),Fried Foods,0.364,binary,Fruits,3995,1634,2.259,2.266,0.007,0.8154,ns
Female_Middle_MetS(-),MetS(-),Fried Foods,0.364,binary,Protein Foods,3995,1634,2.881,3.091,0.211,0.0,***
Female_Middle_MetS(-),MetS(-),Fried Foods,0.364,binary,Grain Products,3995,1634,2.086,2.147,0.061,0.0014,**
Female_Older_MetS(-),MetS(-),Fried Foods,0.455,binary,Processed Foods,884,200,1.105,1.32,0.215,0.0,***
Female_Older_MetS(-),MetS(-),Fried Foods,0.455,binary,Sugar-Sweetened Beverages,884,200,1.072,1.175,0.103,0.0001,***
Female_Older_MetS(-),MetS(-),Fried Foods,0.455,binary,High Fat Meat,884,200,1.182,1.39,0.208,0.0,***
Female_Older_MetS(-),MetS(-),Fried Foods,0.455,binary,Vegetables,884,200,2.957,2.96,0.003,0.8509,ns
Female_Older_MetS(-),MetS(-),Fried Foods,0.455,binary,Fruits,884,200,2.601,2.56,-0.041,0.1299,ns
Female_Older_MetS(-),MetS(-),Fried Foods,0.455,binary,Protein Foods,884,200,2.952,3.0,0.048,0.5018,ns
Female_Older_MetS(-),MetS(-),Fried Foods,0.455,binary,Grain Products,884,200,2.21,2.3,0.09,0.1044,ns
Female_Older_MetS(-),MetS(-),Sugar-Sweetened Beverages,0.455,binary,Fried Foods,1008,76,1.187,1.408,0.221,0.0001,***
Female_Older_MetS(-),MetS(-),Sugar-Sweetened Beverages,0.455,binary,Processed Foods,1008,76,1.126,1.395,0.269,0.0,***
Female_Older_MetS(-),MetS(-),Sugar-Sweetened Beverages,0.455,binary,High Fat Meat,1008,76,1.202,1.461,0.258,0.0,***
Female_Older_MetS(-),MetS(-),Sugar-Sweetened Beverages,0.455,binary,Vegetables,1008,76,2.975,2.724,-0.252,0.017,*
Female_Older_MetS(-),MetS(-),Sugar-Sweetened Beverages,0.455,binary,Fruits,1008,76,2.607,2.408,-0.199,0.0118,*
Female_Older_MetS(-),MetS(-),Sugar-Sweetened Beverages,0.455,binary,Protein Foods,1008,76,2.978,2.737,-0.241,0.0051,**
Female_Older_MetS(-),MetS(-),Sugar-Sweetened Beverages,0.455,binary,Grain Products,1008,76,2.225,2.25,0.025,0.7311,ns
Female_Older_MetS(-),MetS(-),High Fat Meat,0.364,binary,Fried Foods,869,215,1.157,1.386,0.23,0.0,***
Female_Older_MetS(-),MetS(-),High Fat Meat,0.364,binary,Processed Foods,869,215,1.123,1.233,0.109,0.001,**
Female_Older_MetS(-),MetS(-),High Fat Meat,0.364,binary,Sugar-Sweetened Beverages,869,215,1.071,1.172,0.101,0.0,***
Female_Older_MetS(-),MetS(-),High Fat Meat,0.364,binary,Vegetables,869,215,2.952,2.981,0.03,0.8035,ns
Female_Older_MetS(-),MetS(-),High Fat Meat,0.364,binary,Fruits,869,215,2.609,2.53,-0.079,0.0803,ns
Female_Older_MetS(-),MetS(-),High Fat Meat,0.364,binary,Protein Foods,869,215,2.948,3.014,0.066,0.4362,ns
Female_Older_MetS(-),MetS(-),High Fat Meat,0.364,binary,Grain Products,869,215,2.221,2.251,0.03,0.5338,ns
