Group,Hub_Food,Hub_Centrality,Health_Indicator,N_Low,N_High,Low_Mean,High_Mean,Difference,P_Value,Significant,Direction
Male_Young_MetS(-),Fried Foods,0.364,BMI(kg/m2),3271,1466,23.82,24.09,0.27,0.0043,**,Risk
Male_Young_MetS(-),Fried Foods,0.364,Waist circumference (cm),3271,1466,85.75,86.87,1.12,0.0000,***,Risk
Male_Young_MetS(-),Fried Foods,0.364,Systolic blood pressure (mmHg),3271,1466,117.43,117.78,0.34,0.1601,ns,No association
Male_Young_MetS(-),Fried Foods,0.364,Diastolic Blood Pressure (mmHg),3271,1466,78.00,77.98,-0.02,0.9643,ns,No association
Male_Young_MetS(-),Fried Foods,0.364,Fasting glucose (mg/dL),3271,1466,98.89,98.12,-0.77,0.2723,ns,No association
Male_Young_MetS(-),Fried Foods,0.364,Triglycerides (mg/dL),3271,1466,106.97,108.19,1.22,0.8382,ns,No association
Male_Young_MetS(-),Fried Foods,0.364,HDL-C (mg/dL),3271,1466,52.11,51.60,-0.51,0.0960,ns,No association
Male_Young_MetS(-),Fried Foods,0.364,N_Risk_Factors,3271,1466,1.01,1.04,0.03,0.2128,ns,No association
Male_Young_MetS(-),Processed Foods,0.364,BMI(kg/m2),3033,287,23.80,24.00,0.20,0.1062,ns,No association
Male_Young_MetS(-),Processed Foods,0.364,Waist circumference (cm),3033,287,85.73,86.47,0.74,0.0132,*,Risk
Male_Young_MetS(-),Processed Foods,0.364,Systolic blood pressure (mmHg),3033,287,117.47,117.14,-0.33,0.9105,ns,No association
Male_Young_MetS(-),Processed Foods,0.364,Diastolic Blood Pressure (mmHg),3033,287,77.93,77.14,-0.79,0.1332,ns,No association
Male_Young_MetS(-),Processed Foods,0.364,Fasting glucose (mg/dL),3033,287,98.97,97.09,-1.88,0.0979,ns,No association
Male_Young_MetS(-),Processed Foods,0.364,Triglycerides (mg/dL),3033,287,103.99,114.99,11.00,0.0331,*,Risk
Male_Young_MetS(-),Processed Foods,0.364,HDL-C (mg/dL),3033,287,52.26,50.59,-1.67,0.0081,**,Risk
Male_Young_MetS(-),Processed Foods,0.364,N_Risk_Factors,3033,287,1.00,1.01,0.01,0.7976,ns,No association
Male_Young_MetS(-),Vegetables,0.273,BMI(kg/m2),1607,973,23.93,23.78,-0.15,0.0508,ns,No association
Male_Young_MetS(-),Vegetables,0.273,Waist circumference (cm),1607,973,86.21,85.52,-0.70,0.0078,**,Protective
Male_Young_MetS(-),Vegetables,0.273,Systolic blood pressure (mmHg),1607,973,117.63,117.18,-0.46,0.6693,ns,No association
Male_Young_MetS(-),Vegetables,0.273,Diastolic Blood Pressure (mmHg),1607,973,78.08,77.59,-0.49,0.3048,ns,No association
Male_Young_MetS(-),Vegetables,0.273,Fasting glucose (mg/dL),1607,973,98.86,98.40,-0.46,0.7848,ns,No association
Male_Young_MetS(-),Vegetables,0.273,Triglycerides (mg/dL),1607,973,110.96,101.61,-9.34,0.0000,***,Protective
Male_Young_MetS(-),Vegetables,0.273,HDL-C (mg/dL),1607,973,51.83,52.76,0.93,0.0202,*,Protective
Male_Young_MetS(-),Vegetables,0.273,N_Risk_Factors,1607,973,1.03,0.95,-0.09,0.0072,**,Protective
Male_Middle_MetS(-),Processed Foods,0.273,BMI(kg/m2),803,307,24.13,24.60,0.48,0.0138,*,Risk
Male_Middle_MetS(-),Processed Foods,0.273,Waist circumference (cm),803,307,85.65,86.86,1.21,0.0211,*,Risk
Male_Middle_MetS(-),Processed Foods,0.273,Systolic blood pressure (mmHg),803,307,117.60,117.59,-0.00,0.6924,ns,No association
Male_Middle_MetS(-),Processed Foods,0.273,Diastolic Blood Pressure (mmHg),803,307,74.37,73.63,-0.74,0.0785,ns,No association
Male_Middle_MetS(-),Processed Foods,0.273,Fasting glucose (mg/dL),803,307,93.50,93.12,-0.39,0.4540,ns,No association
Male_Middle_MetS(-),Processed Foods,0.273,Triglycerides (mg/dL),803,307,94.86,105.30,10.43,0.0910,ns,No association
Male_Middle_MetS(-),Processed Foods,0.273,HDL-C (mg/dL),803,307,51.86,50.92,-0.93,0.2510,ns,No association
Male_Middle_MetS(-),Processed Foods,0.273,N_Risk_Factors,803,307,0.77,0.89,0.12,0.0246,*,Risk
Male_Middle_MetS(-),Vegetables,0.182,BMI(kg/m2),795,304,24.27,24.40,0.13,0.5694,ns,No association
Male_Middle_MetS(-),Vegetables,0.182,Waist circumference (cm),795,304,86.25,85.97,-0.28,0.3525,ns,No association
Male_Middle_MetS(-),Vegetables,0.182,Systolic blood pressure (mmHg),795,304,117.66,118.33,0.67,0.4869,ns,No association
Male_Middle_MetS(-),Vegetables,0.182,Diastolic Blood Pressure (mmHg),795,304,74.80,74.06,-0.75,0.1782,ns,No association
Male_Middle_MetS(-),Vegetables,0.182,Fasting glucose (mg/dL),795,304,93.57,93.45,-0.12,0.6470,ns,No association
Male_Middle_MetS(-),Vegetables,0.182,Triglycerides (mg/dL),795,304,103.60,91.06,-12.54,0.0003,***,Protective
Male_Middle_MetS(-),Vegetables,0.182,HDL-C (mg/dL),795,304,51.91,51.75,-0.16,0.4851,ns,No association
Male_Middle_MetS(-),Vegetables,0.182,N_Risk_Factors,795,304,0.84,0.82,-0.02,0.7385,ns,No association
Male_Older_MetS(-),High Fat Meat,0.364,BMI(kg/m2),778,41,23.14,23.33,0.19,0.5459,ns,No association
Male_Older_MetS(-),High Fat Meat,0.364,Waist circumference (cm),778,41,84.60,84.09,-0.52,0.6928,ns,No association
Male_Older_MetS(-),High Fat Meat,0.364,Systolic blood pressure (mmHg),778,41,121.26,118.51,-2.75,0.2482,ns,No association
Male_Older_MetS(-),High Fat Meat,0.364,Diastolic Blood Pressure (mmHg),778,41,77.59,75.10,-2.49,0.0453,*,Protective
Male_Older_MetS(-),High Fat Meat,0.364,Fasting glucose (mg/dL),778,41,100.58,102.15,1.57,0.6246,ns,No association
Male_Older_MetS(-),High Fat Meat,0.364,Triglycerides (mg/dL),778,41,87.73,86.39,-1.34,0.9835,ns,No association
Male_Older_MetS(-),High Fat Meat,0.364,HDL-C (mg/dL),778,41,52.61,51.90,-0.71,0.3769,ns,No association
Male_Older_MetS(-),High Fat Meat,0.364,N_Risk_Factors,778,41,0.99,0.85,-0.14,0.2448,ns,No association
Male_Older_MetS(-),Processed Foods,0.364,BMI(kg/m2),974,195,23.17,23.52,0.36,0.0760,ns,No association
Male_Older_MetS(-),Processed Foods,0.364,Waist circumference (cm),974,195,84.62,85.49,0.87,0.0731,ns,No association
Male_Older_MetS(-),Processed Foods,0.364,Systolic blood pressure (mmHg),974,195,121.48,119.16,-2.32,0.0400,*,Protective
Male_Older_MetS(-),Processed Foods,0.364,Diastolic Blood Pressure (mmHg),974,195,77.51,77.05,-0.46,0.6108,ns,No association
Male_Older_MetS(-),Processed Foods,0.364,Fasting glucose (mg/dL),974,195,101.43,100.59,-0.84,0.5405,ns,No association
Male_Older_MetS(-),Processed Foods,0.364,Triglycerides (mg/dL),974,195,88.19,90.63,2.44,0.1383,ns,No association
Male_Older_MetS(-),Processed Foods,0.364,HDL-C (mg/dL),974,195,53.03,52.35,-0.68,0.2884,ns,No association
Male_Older_MetS(-),Processed Foods,0.364,N_Risk_Factors,974,195,1.00,1.06,0.06,0.2927,ns,No association
Male_Older_MetS(-),Protein Foods,0.273,BMI(kg/m2),846,323,23.21,23.27,0.06,0.8030,ns,No association
Male_Older_MetS(-),Protein Foods,0.273,Waist circumference (cm),846,323,84.80,84.66,-0.14,0.4654,ns,No association
Male_Older_MetS(-),Protein Foods,0.273,Systolic blood pressure (mmHg),846,323,120.95,121.47,0.52,0.7497,ns,No association
Male_Older_MetS(-),Protein Foods,0.273,Diastolic Blood Pressure (mmHg),846,323,77.59,77.00,-0.59,0.2768,ns,No association
Male_Older_MetS(-),Protein Foods,0.273,Fasting glucose (mg/dL),846,323,101.00,102.06,1.06,0.5065,ns,No association
Male_Older_MetS(-),Protein Foods,0.273,Triglycerides (mg/dL),846,323,90.55,83.49,-7.06,0.0004,***,Protective
Male_Older_MetS(-),Protein Foods,0.273,HDL-C (mg/dL),846,323,52.42,54.23,1.81,0.0191,*,Protective
Male_Older_MetS(-),Protein Foods,0.273,N_Risk_Factors,846,323,1.02,0.99,-0.02,0.6195,ns,No association
Female_Young_MetS(-),Fried Foods,0.364,BMI(kg/m2),1590,164,20.37,20.76,0.39,0.1001,ns,No association
Female_Young_MetS(-),Fried Foods,0.364,Waist circumference (cm),1590,164,74.73,76.24,1.51,0.0124,*,Risk
Female_Young_MetS(-),Fried Foods,0.364,Systolic blood pressure (mmHg),1590,164,107.72,106.28,-1.44,0.0615,ns,No association
Female_Young_MetS(-),Fried Foods,0.364,Diastolic Blood Pressure (mmHg),1590,164,68.22,67.51,-0.70,0.5320,ns,No association
Female_Young_MetS(-),Fried Foods,0.364,Fasting glucose (mg/dL),1590,164,89.22,89.59,0.38,0.6953,ns,No association
Female_Young_MetS(-),Fried Foods,0.364,Triglycerides (mg/dL),1590,164,68.10,72.20,4.09,0.1328,ns,No association
Female_Young_MetS(-),Fried Foods,0.364,HDL-C (mg/dL),1590,164,64.00,62.67,-1.33,0.1196,ns,No association
Female_Young_MetS(-),Fried Foods,0.364,N_Risk_Factors,1590,164,0.31,0.36,0.05,0.3303,ns,No association
Female_Young_MetS(-),Sugar-Sweetened Beverages,0.273,BMI(kg/m2),1635,344,20.43,20.47,0.05,0.6028,ns,No association
Female_Young_MetS(-),Sugar-Sweetened Beverages,0.273,Waist circumference (cm),1635,344,75.00,74.91,-0.09,0.4707,ns,No association
Female_Young_MetS(-),Sugar-Sweetened Beverages,0.273,Systolic blood pressure (mmHg),1635,344,107.32,107.31,-0.01,0.8556,ns,No association
Female_Young_MetS(-),Sugar-Sweetened Beverages,0.273,Diastolic Blood Pressure (mmHg),1635,344,68.06,68.22,0.16,0.8105,ns,No association
Female_Young_MetS(-),Sugar-Sweetened Beverages,0.273,Fasting glucose (mg/dL),1635,344,89.26,89.34,0.08,0.6938,ns,No association
Female_Young_MetS(-),Sugar-Sweetened Beverages,0.273,Triglycerides (mg/dL),1635,344,67.09,74.80,7.72,0.0004,***,Risk
Female_Young_MetS(-),Sugar-Sweetened Beverages,0.273,HDL-C (mg/dL),1635,344,64.13,62.89,-1.23,0.0293,*,Risk
Female_Young_MetS(-),Sugar-Sweetened Beverages,0.273,N_Risk_Factors,1635,344,0.30,0.42,0.12,0.0007,***,Risk
Female_Young_MetS(-),Grain Products,0.182,BMI(kg/m2),2080,439,20.49,20.37,-0.12,0.3639,ns,No association
Female_Young_MetS(-),Grain Products,0.182,Waist circumference (cm),2080,439,75.04,74.94,-0.11,0.9345,ns,No association
Female_Young_MetS(-),Grain Products,0.182,Systolic blood pressure (mmHg),2080,439,107.48,106.89,-0.60,0.4555,ns,No association
Female_Young_MetS(-),Grain Products,0.182,Diastolic Blood Pressure (mmHg),2080,439,68.20,67.41,-0.78,0.0715,ns,No association
Female_Young_MetS(-),Grain Products,0.182,Fasting glucose (mg/dL),2080,439,89.36,89.10,-0.26,0.3611,ns,No association
Female_Young_MetS(-),Grain Products,0.182,Triglycerides (mg/dL),2080,439,68.68,69.02,0.34,0.9941,ns,No association
Female_Young_MetS(-),Grain Products,0.182,HDL-C (mg/dL),2080,439,63.95,62.83,-1.12,0.1472,ns,No association
Female_Young_MetS(-),Grain Products,0.182,N_Risk_Factors,2080,439,0.32,0.29,-0.03,0.5671,ns,No association
Female_Middle_MetS(-),Processed Foods,0.455,BMI(kg/m2),3578,371,21.05,21.19,0.14,0.4532,ns,No association
Female_Middle_MetS(-),Processed Foods,0.455,Waist circumference (cm),3578,371,77.66,78.21,0.55,0.2055,ns,No association
Female_Middle_MetS(-),Processed Foods,0.455,Systolic blood pressure (mmHg),3578,371,112.01,110.17,-1.84,0.0057,**,Protective
Female_Middle_MetS(-),Processed Foods,0.455,Diastolic Blood Pressure (mmHg),3578,371,71.48,70.33,-1.15,0.0462,*,Protective
Female_Middle_MetS(-),Processed Foods,0.455,Fasting glucose (mg/dL),3578,371,92.06,91.61,-0.46,0.2840,ns,No association
Female_Middle_MetS(-),Processed Foods,0.455,Triglycerides (mg/dL),3578,371,76.51,75.53,-0.98,0.2694,ns,No association
Female_Middle_MetS(-),Processed Foods,0.455,HDL-C (mg/dL),3578,371,63.44,63.99,0.56,0.5961,ns,No association
Female_Middle_MetS(-),Processed Foods,0.455,N_Risk_Factors,3578,371,0.57,0.55,-0.02,0.4225,ns,No association
Female_Middle_MetS(-),Sugar-Sweetened Beverages,0.455,BMI(kg/m2),4679,950,21.12,21.20,0.08,0.6678,ns,No association
Female_Middle_MetS(-),Sugar-Sweetened Beverages,0.455,Waist circumference (cm),4679,950,77.84,78.07,0.23,0.5123,ns,No association
Female_Middle_MetS(-),Sugar-Sweetened Beverages,0.455,Systolic blood pressure (mmHg),4679,950,111.99,111.15,-0.84,0.0929,ns,No association
Female_Middle_MetS(-),Sugar-Sweetened Beverages,0.455,Diastolic Blood Pressure (mmHg),4679,950,71.50,70.78,-0.72,0.0882,ns,No association
Female_Middle_MetS(-),Sugar-Sweetened Beverages,0.455,Fasting glucose (mg/dL),4679,950,92.08,91.36,-0.72,0.0029,**,Protective
Female_Middle_MetS(-),Sugar-Sweetened Beverages,0.455,Triglycerides (mg/dL),4679,950,76.32,78.40,2.08,0.2100,ns,No association
Female_Middle_MetS(-),Sugar-Sweetened Beverages,0.455,HDL-C (mg/dL),4679,950,63.35,63.08,-0.27,0.7894,ns,No association
Female_Middle_MetS(-),Sugar-Sweetened Beverages,0.455,N_Risk_Factors,4679,950,0.58,0.55,-0.03,0.2955,ns,No association
Female_Middle_MetS(-),Fried Foods,0.364,BMI(kg/m2),3995,1634,21.04,21.37,0.34,0.0000,***,Risk
Female_Middle_MetS(-),Fried Foods,0.364,Waist circumference (cm),3995,1634,77.60,78.57,0.97,0.0000,***,Risk
Female_Middle_MetS(-),Fried Foods,0.364,Systolic blood pressure (mmHg),3995,1634,111.85,111.83,-0.03,0.8371,ns,No association
Female_Middle_MetS(-),Fried Foods,0.364,Diastolic Blood Pressure (mmHg),3995,1634,71.44,71.23,-0.20,0.4748,ns,No association
Female_Middle_MetS(-),Fried Foods,0.364,Fasting glucose (mg/dL),3995,1634,91.91,92.08,0.17,0.9200,ns,No association
Female_Middle_MetS(-),Fried Foods,0.364,Triglycerides (mg/dL),3995,1634,76.67,76.69,0.02,0.5395,ns,No association
Female_Middle_MetS(-),Fried Foods,0.364,HDL-C (mg/dL),3995,1634,63.38,63.13,-0.25,0.2184,ns,No association
Female_Middle_MetS(-),Fried Foods,0.364,N_Risk_Factors,3995,1634,0.57,0.59,0.02,0.1466,ns,No association
Female_Older_MetS(-),Fried Foods,0.455,BMI(kg/m2),884,200,21.58,21.83,0.24,0.2024,ns,No association
Female_Older_MetS(-),Fried Foods,0.455,Waist circumference (cm),884,200,80.13,80.97,0.84,0.1974,ns,No association
Female_Older_MetS(-),Fried Foods,0.455,Systolic blood pressure (mmHg),884,200,119.16,117.94,-1.23,0.2749,ns,No association
Female_Older_MetS(-),Fried Foods,0.455,Diastolic Blood Pressure (mmHg),884,200,73.03,72.58,-0.45,0.5400,ns,No association
Female_Older_MetS(-),Fried Foods,0.455,Fasting glucose (mg/dL),884,200,95.70,95.55,-0.15,0.4757,ns,No association
Female_Older_MetS(-),Fried Foods,0.455,Triglycerides (mg/dL),884,200,79.79,81.34,1.55,0.4467,ns,No association
Female_Older_MetS(-),Fried Foods,0.455,HDL-C (mg/dL),884,200,62.10,61.78,-0.31,0.7328,ns,No association
Female_Older_MetS(-),Fried Foods,0.455,N_Risk_Factors,884,200,0.83,0.81,-0.02,0.7591,ns,No association
Female_Older_MetS(-),Sugar-Sweetened Beverages,0.455,BMI(kg/m2),1008,76,21.59,22.15,0.56,0.0743,ns,No association
Female_Older_MetS(-),Sugar-Sweetened Beverages,0.455,Waist circumference (cm),1008,76,80.17,81.76,1.59,0.0940,ns,No association
Female_Older_MetS(-),Sugar-Sweetened Beverages,0.455,Systolic blood pressure (mmHg),1008,76,119.05,117.36,-1.70,0.3821,ns,No association
Female_Older_MetS(-),Sugar-Sweetened Beverages,0.455,Diastolic Blood Pressure (mmHg),1008,76,73.03,71.96,-1.07,0.2042,ns,No association
Female_Older_MetS(-),Sugar-Sweetened Beverages,0.455,Fasting glucose (mg/dL),1008,76,95.66,95.82,0.15,0.4999,ns,No association
Female_Older_MetS(-),Sugar-Sweetened Beverages,0.455,Triglycerides (mg/dL),1008,76,79.53,87.33,7.80,0.0370,*,Risk
Female_Older_MetS(-),Sugar-Sweetened Beverages,0.455,HDL-C (mg/dL),1008,76,61.95,63.26,1.31,0.7724,ns,No association
Female_Older_MetS(-),Sugar-Sweetened Beverages,0.455,N_Risk_Factors,1008,76,0.83,0.82,-0.01,0.8813,ns,No association
Female_Older_MetS(-),High Fat Meat,0.364,BMI(kg/m2),869,215,21.55,21.96,0.42,0.0587,ns,No association
Female_Older_MetS(-),High Fat Meat,0.364,Waist circumference (cm),869,215,80.04,81.28,1.24,0.0066,**,Risk
Female_Older_MetS(-),High Fat Meat,0.364,Systolic blood pressure (mmHg),869,215,119.06,118.45,-0.61,0.6300,ns,No association
Female_Older_MetS(-),High Fat Meat,0.364,Diastolic Blood Pressure (mmHg),869,215,73.04,72.60,-0.44,0.8393,ns,No association
Female_Older_MetS(-),High Fat Meat,0.364,Fasting glucose (mg/dL),869,215,95.59,96.03,0.44,0.3954,ns,No association
Female_Older_MetS(-),High Fat Meat,0.364,Triglycerides (mg/dL),869,215,78.72,85.57,6.85,0.0183,*,Risk
Female_Older_MetS(-),High Fat Meat,0.364,HDL-C (mg/dL),869,215,62.10,61.80,-0.29,0.6982,ns,No association
Female_Older_MetS(-),High Fat Meat,0.364,N_Risk_Factors,869,215,0.82,0.85,0.02,0.6593,ns,No association
