Group,Sex,Age_Group,MetS_Status,Food,Risk_Score,Direct_Effect,Network_Centrality,Indirect_Effect,Degree_Centrality,Betweenness_Centrality,Current_Intake,N_Connections,Food_Category
여성_중년층(40-59세)_MetS(-),여성,중년층(40-59세),MetS(-),Grain Products,0.4104739166058762,0.013758392438608585,0.8181818181818182,0.5317200472529577,0.8181818181818182,0.0038383838383838375,2.1039260969976907,9,Healthy
여성_중년층(40-59세)_MetS(-),여성,중년층(40-59세),MetS(-),Protein Foods,0.6098629922810443,0.024657480702610927,1.0,1.0,1.0,0.012676767676767677,2.9417303251021494,11,Healthy
여성_중년층(40-59세)_MetS(-),여성,중년층(40-59세),MetS(-),Vegetables,0.59540426008202,0.028495185252255063,1.0,0.9466872866037266,1.0,0.012676767676767677,2.7765144785930005,11,Healthy
여성_중년층(40-59세)_MetS(-),여성,중년층(40-59세),MetS(-),Dairy Products,0.3877128651881667,0.029171065314036227,0.8181818181818182,0.43529964536002247,0.8181818181818182,0.0061111111111111106,1.953810623556582,9,Healthy
여성_중년층(40-59세)_MetS(-),여성,중년층(40-59세),MetS(-),Fruits,0.4821293479789218,0.023268700068775235,0.9090909090909092,0.6669819840804632,0.9090909090909092,0.008383838383838382,2.2606146740095934,10,Healthy
여성_중년층(40-59세)_MetS(-),여성,중년층(40-59세),MetS(-),Fried Foods,0.4121814752754386,0.016556622062936052,0.8181818181818182,0.5336809366523958,0.8181818181818182,0.0061111111111111106,1.3355835850062179,9,Unhealthy
여성_중년층(40-59세)_MetS(-),여성,중년층(40-59세),MetS(-),High Fat Meat,0.4465555001024988,0.008943965286803107,0.9090909090909092,0.567502137535016,0.9090909090909092,0.008383838383838382,1.344643808847042,10,Unhealthy
여성_중년층(40-59세)_MetS(-),여성,중년층(40-59세),MetS(-),Processed Foods,0.5697865725501038,0.017405149464598098,1.0,0.8760817092142151,1.0,0.012676767676767677,1.4356013501510037,11,Unhealthy
여성_중년층(40-59세)_MetS(-),여성,중년층(40-59세),MetS(-),Sugar-Sweetened Beverages,0.39536179245639924,0.0215220575652231,0.8181818181818182,0.47099474658588175,0.8181818181818182,0.0038383838383838375,1.2259726416770296,9,Unhealthy
여성_중년층(40-59세)_MetS(-),여성,중년층(40-59세),MetS(-),Additional Salt Use,0.462848201639998,0.012006474997369992,1.0,0.5268187054701667,1.0,0.012676767676767677,1.4141055249600285,11,Unhealthy
여성_중년층(40-59세)_MetS(-),여성,중년층(40-59세),MetS(-),Salty Food Consumption,0.40944889600910367,0.029833004040673943,0.9090909090909092,0.41596140555187106,0.9090909090909092,0.010858585858585857,1.5805649316041925,10,Unhealthy
여성_중년층(40-59세)_MetS(-),여성,중년층(40-59세),MetS(-),Sweet Food Consumption,0.43259149540899333,0.03953742375913175,0.9090909090909092,0.4801641772602263,0.9090909090909092,0.010858585858585857,2.1176052584828566,10,Healthy
남성_중년층(40-59세)_MetS(-),남성,중년층(40-59세),MetS(-),Grain Products,0.3945325168351704,0.027122986972427966,0.8181818181818182,0.4607625886388457,0.8181818181818182,0.0038383838383838375,2.1017521638167618,9,Healthy
남성_중년층(40-59세)_MetS(-),남성,중년층(40-59세),MetS(-),Protein Foods,0.5376797001085167,0.02989886456611975,0.9090909090909092,0.8433096051826535,0.9090909090909092,0.013780663780663779,3.010977411864049,10,Healthy
남성_중년층(40-59세)_MetS(-),남성,중년층(40-59세),MetS(-),Vegetables,0.5620614335662367,0.02423648062303965,0.9090909090909092,0.9321318952991604,0.9090909090909092,0.010981240981240982,2.7808739708676375,10,Healthy
남성_중년층(40-59세)_MetS(-),남성,중년층(40-59세),MetS(-),Dairy Products,0.3525574736272922,0.02559073848152519,0.7272727272727273,0.4137978668428796,0.7272727272727273,0.0038383838383838375,1.8005066497783406,8,Healthy
남성_중년층(40-59세)_MetS(-),남성,중년층(40-59세),MetS(-),Fruits,0.4427046854132016,0.04077711336664988,0.9090909090909092,0.5122218911308963,0.9090909090909092,0.011305916305916305,2.0048553937090987,10,Healthy
남성_중년층(40-59세)_MetS(-),남성,중년층(40-59세),MetS(-),Fried Foods,0.5314273174900941,0.02394387832811204,0.8181818181818182,0.9213174023476797,0.8181818181818182,0.008708513708513707,1.3681655055942579,9,Unhealthy
남성_중년층(40-59세)_MetS(-),남성,중년층(40-59세),MetS(-),High Fat Meat,0.4665363867153487,0.04595550351957063,0.8181818181818182,0.6756654661765835,0.8181818181818182,0.0061111111111111106,1.5408486383787208,9,Unhealthy
남성_중년층(40-59세)_MetS(-),남성,중년층(40-59세),MetS(-),Processed Foods,0.6141458343160655,0.03536458579016384,1.0,1.0,1.0,0.0155988455988456,1.424741397508972,11,Unhealthy
남성_중년층(40-59세)_MetS(-),남성,중년층(40-59세),MetS(-),Sugar-Sweetened Beverages,0.5262178948435164,0.05032854824468893,0.9090909090909092,0.7778640093945604,0.9090909090909092,0.013780663780663779,1.4340299767785518,10,Unhealthy
남성_중년층(40-59세)_MetS(-),남성,중년층(40-59세),MetS(-),Additional Salt Use,0.5138206515271531,0.039501369774249916,0.9090909090909092,0.7509761029672676,0.9090909090909092,0.008131313131313132,1.445429596791218,10,Unhealthy
남성_중년층(40-59세)_MetS(-),남성,중년층(40-59세),MetS(-),Salty Food Consumption,0.5282544287963986,0.05351935389095169,1.0,0.6894889574667264,1.0,0.0155988455988456,1.7156428119062699,11,Unhealthy
남성_중년층(40-59세)_MetS(-),남성,중년층(40-59세),MetS(-),Sweet Food Consumption,0.519112214613615,0.051198167132940675,1.0,0.6621098258681293,1.0,0.0155988455988456,2.004222081486173,11,Healthy
남성_중년층(40-59세)_MetS(+),남성,중년층(40-59세),MetS(+),Grain Products,0.28247696278998763,0.0060606324258167385,0.6666666666666666,0.2668423660655366,0.5454545454545454,0.030606060606060605,2.0918992511912866,6,Healthy
남성_중년층(40-59세)_MetS(+),남성,중년층(40-59세),MetS(+),Protein Foods,0.33888859710980834,0.024238775765999396,0.6666666666666666,0.4306436226780288,0.5454545454545454,0.020303030303030302,3.017018379850238,6,Healthy
남성_중년층(40-59세)_MetS(+),남성,중년층(40-59세),MetS(+),Vegetables,0.5173834665259921,0.016809476197406727,1.0,0.7021989201567647,0.8181818181818182,0.05666666666666668,2.730088495575221,9,Healthy
남성_중년층(40-59세)_MetS(+),남성,중년층(40-59세),MetS(+),Dairy Products,0.3690383966425218,0.026327969317103038,0.7777777777777777,0.4172462519411578,0.6363636363636364,0.027575757575757576,1.7402995234853642,7,Healthy
남성_중년층(40-59세)_MetS(+),남성,중년층(40-59세),MetS(+),Fruits,0.3371048317119715,0.046176165812760815,0.6666666666666666,0.39544788462289066,0.5454545454545454,0.02333333333333333,1.9108236895847515,6,Healthy
남성_중년층(40-59세)_MetS(+),남성,중년층(40-59세),MetS(+),Fried Foods,0.538798229136189,0.050716808950588124,0.8888888888888888,0.8394827962976235,0.7272727272727273,0.03303030303030302,1.407420013614704,8,Unhealthy
남성_중년층(40-59세)_MetS(+),남성,중년층(40-59세),MetS(+),High Fat Meat,0.46303937978625415,0.036675747626282534,0.7777777777777777,0.7167858246746929,0.6363636363636364,0.03454545454545454,1.6255956432947583,7,Unhealthy
남성_중년층(40-59세)_MetS(+),남성,중년층(40-59세),MetS(+),Processed Foods,0.5865323594372107,0.049664231926360006,0.8888888888888888,1.0,0.7272727272727273,0.03272727272727273,1.5098706603131382,8,Unhealthy
남성_중년층(40-59세)_MetS(+),남성,중년층(40-59세),MetS(+),Sugar-Sweetened Beverages,0.5606738464744254,0.07251844564214256,1.0,0.7722215607252282,0.8181818181818182,0.045151515151515144,1.491490810074881,9,Unhealthy
남성_중년층(40-59세)_MetS(+),남성,중년층(40-59세),MetS(+),Additional Salt Use,0.39589587632472584,0.033014994814541,0.7777777777777777,0.49785515021858723,0.6363636363636364,0.02606060606060606,1.5095302927161334,7,Unhealthy
남성_중년층(40-59세)_MetS(+),남성,중년층(40-59세),MetS(+),Salty Food Consumption,0.4088887845428858,0.03701045388559507,0.7777777777777777,0.5358375655177149,0.6363636363636364,0.03212121212121212,1.8471749489448603,7,Unhealthy
남성_중년층(40-59세)_MetS(+),남성,중년층(40-59세),MetS(+),Sweet Food Consumption,0.5246576698509715,0.0494398878742332,0.8888888888888888,0.7940501601153721,0.7272727272727273,0.03787878787878788,1.9673247106875424,8,Healthy
여성_청년층(19-39세)_MetS(-),여성,청년층(19-39세),MetS(-),Grain Products,0.3062028951973683,0.0159372346946441,0.6363636363636364,0.3630630347013992,0.6363636363636364,0.00487012987012987,2.0520047637951566,7,Healthy
여성_청년층(19-39세)_MetS(-),여성,청년층(19-39세),MetS(-),Protein Foods,0.5846294616549399,0.02975547231916776,0.9090909090909092,1.0,0.9090909090909092,0.02582251082251082,2.9408495434696307,10,Healthy
여성_청년층(19-39세)_MetS(-),여성,청년층(19-39세),MetS(-),Vegetables,0.5195671811686785,0.038361980590986985,0.8181818181818182,0.8625594782591275,0.8181818181818182,0.010678210678210676,2.556570067487098,9,Healthy
여성_청년층(19-39세)_MetS(-),여성,청년층(19-39세),MetS(-),Dairy Products,0.3595266822591503,0.037925536630715254,0.7272727272727273,0.4205821647501534,0.7272727272727273,0.00202020202020202,1.8856689162366018,8,Healthy
여성_청년층(19-39세)_MetS(-),여성,청년층(19-39세),MetS(-),Fruits,0.45848720760531586,0.02855283275436148,0.9090909090909092,0.5811293392543284,0.9090909090909092,0.01857864357864358,1.796347757046447,10,Healthy
여성_청년층(19-39세)_MetS(-),여성,청년층(19-39세),MetS(-),Fried Foods,0.482642076964256,0.035478173010336275,0.9090909090909092,0.6524117834428291,0.9090909090909092,0.022972582972582967,1.4386661373560936,10,Unhealthy
여성_청년층(19-39세)_MetS(-),여성,청년층(19-39세),MetS(-),High Fat Meat,0.3949744805087129,0.04141144362529007,0.6363636363636364,0.62500270716502,0.6363636363636364,0.004292929292929293,1.5291782453354505,7,Unhealthy
여성_청년층(19-39세)_MetS(-),여성,청년층(19-39세),MetS(-),Processed Foods,0.5736974932473148,0.027673940531482866,1.0,0.8754263901157389,1.0,0.030873015873015868,1.6578007145692735,11,Unhealthy
여성_청년층(19-39세)_MetS(-),여성,청년층(19-39세),MetS(-),Sugar-Sweetened Beverages,0.3934816853425772,0.021038539069093067,0.8181818181818182,0.4653724142013152,0.8181818181818182,0.016558441558441557,1.5192536720921,9,Unhealthy
여성_청년층(19-39세)_MetS(-),여성,청년층(19-39세),MetS(-),Additional Salt Use,0.3631003614138498,0.011556623150958453,0.7272727272727273,0.4676529799054943,0.7272727272727273,0.01388167388167388,1.5907105994442239,8,Unhealthy
여성_청년층(19-39세)_MetS(-),여성,청년층(19-39세),MetS(-),Salty Food Consumption,0.4758939681128672,0.032334487520012875,1.0,0.543200577016207,1.0,0.030873015873015868,1.687574434299325,11,Unhealthy
여성_청년층(19-39세)_MetS(-),여성,청년층(19-39세),MetS(-),Sweet Food Consumption,0.42116334228263186,0.023663438003016853,0.9090909090909092,0.4632356478471745,0.9090909090909092,0.018578643578643573,2.2941643509329097,10,Healthy
남성_청년층(19-39세)_MetS(-),남성,청년층(19-39세),MetS(-),Grain Products,0.48947687179373267,0.0267366595840201,1.0,0.5959406932004155,1.0,0.04071428571428571,2.0417727967396844,11,Healthy
남성_청년층(19-39세)_MetS(-),남성,청년층(19-39세),MetS(-),Protein Foods,0.48236143793346176,0.03130364533470853,0.6363636363636364,0.9297696296349581,0.6363636363636364,0.00883116883116883,3.1349974528782476,7,Healthy
남성_청년층(19-39세)_MetS(-),남성,청년층(19-39세),MetS(-),Vegetables,0.614444130741105,0.03611032685276273,1.0,1.0,1.0,0.04071428571428571,2.597045338767193,11,Healthy
남성_청년층(19-39세)_MetS(-),남성,청년층(19-39세),MetS(-),Dairy Products,0.3894253259096054,0.0314657432022211,0.7272727272727273,0.5288573681563292,0.7272727272727273,0.01564935064935065,1.7773815588385125,8,Healthy
남성_청년층(19-39세)_MetS(-),남성,청년층(19-39세),MetS(-),Fruits,0.3954132704395128,0.04805812360920933,0.7272727272727273,0.5266940093800364,0.7272727272727273,0.010822510822510822,1.5792154865002548,8,Healthy
남성_청년층(19-39세)_MetS(-),남성,청년층(19-39세),MetS(-),Fried Foods,0.4974465373538715,0.028732948622506787,0.8181818181818182,0.8016627081677445,0.8181818181818182,0.02099567099567099,1.6225165562913908,9,Unhealthy
남성_청년층(19-39세)_MetS(-),남성,청년층(19-39세),MetS(-),High Fat Meat,0.4829474731102994,0.04888939510381761,0.8181818181818182,0.7264572320474231,0.8181818181818182,0.017164502164502164,1.837493632195619,9,Unhealthy
남성_청년층(19-39세)_MetS(-),남성,청년층(19-39세),MetS(-),Processed Foods,0.5764967448495661,0.025078581263190132,0.9090909090909092,0.979126798723391,0.9090909090909092,0.026904761904761904,1.7600611309220582,10,Unhealthy
남성_청년층(19-39세)_MetS(-),남성,청년층(19-39세),MetS(-),Sugar-Sweetened Beverages,0.44388331579820056,0.027129565045222476,0.8181818181818182,0.6252564810852204,0.8181818181818182,0.01807359307359307,1.9215486500254713,9,Unhealthy
남성_청년층(19-39세)_MetS(-),남성,청년층(19-39세),MetS(-),Additional Salt Use,0.45408124839615505,0.04878140614584384,0.6363636363636364,0.8121986500957553,0.6363636363636364,0.005627705627705627,1.6602139582272033,7,Unhealthy
남성_청년층(19-39세)_MetS(-),남성,청년층(19-39세),MetS(-),Salty Food Consumption,0.5726137479039446,0.05942317511889054,0.9090909090909092,0.9203906837637187,0.9090909090909092,0.025995670995670992,1.8028527763627102,10,Unhealthy
남성_청년층(19-39세)_MetS(-),남성,청년층(19-39세),MetS(-),Sweet Food Consumption,0.32851148606739566,0.023855190596168353,0.6363636363636364,0.42686772973279147,0.6363636363636364,0.00487012987012987,2.149770759042282,7,Healthy
남성_장년층(60-74세)_MetS(-),남성,장년층(60-74세),MetS(-),Grain Products,0.40119075122507264,0.041312076458511045,0.875,0.4072197354722274,0.6363636363636364,0.03454545454545454,2.2805100182149363,7,Healthy
남성_장년층(60-74세)_MetS(-),남성,장년층(60-74세),MetS(-),Protein Foods,0.5770996935020128,0.036499233755032064,0.875,1.0,0.6363636363636364,0.03787878787878788,3.0081967213114753,7,Healthy
남성_장년층(60-74세)_MetS(-),남성,장년층(60-74세),MetS(-),Vegetables,0.5037979865053954,0.03443854432047458,0.875,0.7584085625906853,0.6363636363636364,0.02727272727272727,2.898907103825137,7,Healthy
남성_장년층(60-74세)_MetS(-),남성,장년층(60-74세),MetS(-),Dairy Products,0.35547244712872295,0.04308422951025064,0.7499999999999999,0.3774625177487424,0.5454545454545454,0.02666666666666667,1.9326047358834244,6,Healthy
남성_장년층(60-74세)_MetS(-),남성,장년층(60-74세),MetS(-),Fruits,0.4843125664832384,0.041753838556471704,1.0,0.5587034368688325,0.7272727272727273,0.04121212121212121,2.366120218579235,8,Healthy
남성_장년층(60-74세)_MetS(-),남성,장년층(60-74세),MetS(-),Fried Foods,0.3982086123172289,0.020311095683404765,0.7499999999999999,0.5502805801462237,0.5454545454545454,0.020606060606060603,1.1939890710382515,6,Unhealthy
남성_장년층(60-74세)_MetS(-),남성,장년층(60-74세),MetS(-),High Fat Meat,0.49806089699543127,0.030892249593086556,1.0,0.6190133238606554,0.7272727272727273,0.04,1.3743169398907105,8,Unhealthy
남성_장년층(60-74세)_MetS(-),남성,장년층(60-74세),MetS(-),Processed Foods,0.4955851527885403,0.03621346719319973,1.0,0.6036658863708682,0.7272727272727273,0.03939393939393939,1.1958105646630237,8,Unhealthy
남성_장년층(60-74세)_MetS(-),남성,장년층(60-74세),MetS(-),Sugar-Sweetened Beverages,0.5044860047588835,0.013745940058218803,1.0,0.6632920957853201,0.7272727272727273,0.04393939393939394,1.2322404371584699,8,Unhealthy
남성_장년층(60-74세)_MetS(-),남성,장년층(60-74세),MetS(-),Additional Salt Use,0.4346507057683444,0.05941088483008007,0.875,0.494621172787708,0.6363636363636364,0.03848484848484848,1.4007285974499089,7,Unhealthy
남성_장년층(60-74세)_MetS(-),남성,장년층(60-74세),MetS(-),Salty Food Consumption,0.5606342170190071,0.02769282190278145,0.875,0.956856960859648,0.6363636363636364,0.0303030303030303,1.6420765027322404,7,Unhealthy
남성_장년층(60-74세)_MetS(-),남성,장년층(60-74세),MetS(-),Sweet Food Consumption,0.45598323489529596,0.04155922223877936,0.875,0.5895318199992807,0.6363636363636364,0.03787878787878788,1.849726775956284,7,Healthy
여성_장년층(60-74세)_MetS(-),여성,장년층(60-74세),MetS(-),Grain Products,0.34769376383381767,0.027657594405942426,0.7,0.42210242023813566,0.6363636363636364,0.008708513708513707,2.23625843780135,7,Healthy
여성_장년층(60-74세)_MetS(-),여성,장년층(60-74세),MetS(-),Protein Foods,0.5676727948720369,0.031284613694306254,1.0,0.8505298313143814,0.9090909090909092,0.03271284271284271,2.9710703953712634,10,Healthy
여성_장년층(60-74세)_MetS(-),여성,장년층(60-74세),MetS(-),Vegetables,0.49720318248957207,0.019559679783791258,0.9,0.7312643685868517,0.8181818181818182,0.02072150072150072,2.953712632594021,9,Healthy
여성_장년층(60-74세)_MetS(-),여성,장년층(60-74세),MetS(-),Dairy Products,0.37777281175821,0.038365523709932334,0.7,0.5080886742474569,0.6363636363636364,0.006111111111111111,2.137897782063645,7,Healthy
여성_장년층(60-74세)_MetS(-),여성,장년층(60-74세),MetS(-),Fruits,0.4833610366602777,0.03099305166532864,1.0,0.5698793866471541,0.9090909090909092,0.026024531024531023,2.595949855351977,10,Healthy
여성_장년층(60-74세)_MetS(-),여성,장년층(60-74세),MetS(-),Fried Foods,0.4674495105573804,0.02783231025477692,0.7999999999999999,0.7210552881848988,0.7272727272727273,0.015093795093795093,1.2005785920925747,8,Unhealthy
여성_장년층(60-74세)_MetS(-),여성,장년층(60-74세),MetS(-),High Fat Meat,0.4628911289379658,0.035453887200371355,0.9,0.5956985801927241,0.8181818181818182,0.017972582972582973,1.218900675024108,9,Unhealthy
여성_장년층(60-74세)_MetS(-),여성,장년층(60-74세),MetS(-),Processed Foods,0.5011480304980128,0.03943559927102309,0.9,0.7179126359653453,0.8181818181818182,0.013578643578643579,1.1436837029893925,9,Unhealthy
여성_장년층(60-74세)_MetS(-),여성,장년층(60-74세),MetS(-),Sugar-Sweetened Beverages,0.3966160288447624,0.0370374316138033,0.7999999999999999,0.4726701873308037,0.7272727272727273,0.00896103896103896,1.0916104146576664,8,Unhealthy
여성_장년층(60-74세)_MetS(-),여성,장년층(60-74세),MetS(-),Additional Salt Use,0.568307038042456,0.05487299055459668,1.0,0.8211928060687244,0.9090909090909092,0.03271284271284271,1.3809064609450337,10,Unhealthy
여성_장년층(60-74세)_MetS(-),여성,장년층(60-74세),MetS(-),Salty Food Consumption,0.5907887406917368,0.051971851729341975,0.9,1.0,0.8181818181818182,0.023852813852813848,1.5467695274831244,9,Unhealthy
여성_장년층(60-74세)_MetS(-),여성,장년층(60-74세),MetS(-),Sweet Food Consumption,0.5147676871084909,0.05102317807156662,1.0,0.647861386266214,0.9090909090909092,0.02991341991341991,1.8852459016393444,10,Healthy
남성_장년층(60-74세)_MetS(+),남성,장년층(60-74세),MetS(+),Grain Products,0.3618264061671064,0.023465257645975852,0.7999999999999999,0.3748010103623869,0.7272727272727273,0.014913419913419912,2.2270147559591376,8,Healthy
남성_장년층(60-74세)_MetS(+),남성,장년층(60-74세),MetS(+),Protein Foods,0.5086850671779304,0.023257908090532832,0.7999999999999999,0.8646063464723908,0.7272727272727273,0.0229004329004329,2.9625425652667423,8,Healthy
남성_장년층(60-74세)_MetS(+),남성,장년층(60-74세),MetS(+),Vegetables,0.4515175572550455,0.06507487063951463,0.7999999999999999,0.6182920299974655,0.7272727272727273,0.011233766233766233,2.753688989784336,8,Healthy
남성_장년층(60-74세)_MetS(+),남성,장년층(60-74세),MetS(+),Dairy Products,0.4394068815386619,0.04098928711197301,0.9,0.5100372223129092,0.8181818181818182,0.017186147186147183,1.9307604994324632,9,Healthy
남성_장년층(60-74세)_MetS(+),남성,장년층(60-74세),MetS(+),Fruits,0.5275661780923666,0.03832139242814302,1.0,0.707458737070365,0.9090909090909092,0.03781385281385281,2.3598183881952326,10,Healthy
남성_장년층(60-74세)_MetS(+),남성,장년층(60-74세),MetS(+),Fried Foods,0.5385776916287256,0.027998400117873967,1.0,0.7579277719385867,0.9090909090909092,0.03173160173160173,1.2338251986379114,10,Unhealthy
남성_장년층(60-74세)_MetS(+),남성,장년층(60-74세),MetS(+),High Fat Meat,0.3484074137276235,0.021907773831734166,0.5999999999999999,0.5321476806497663,0.5454545454545454,0.006688311688311689,1.3813847900113507,6,Unhealthy
남성_장년층(60-74세)_MetS(+),남성,장년층(60-74세),MetS(+),Processed Foods,0.5349742222883314,0.04195415585320737,0.9,0.8273085331568277,0.8181818181818182,0.025216450216450213,1.2599318955732122,9,Unhealthy
남성_장년층(60-74세)_MetS(+),남성,장년층(60-74세),MetS(+),Sugar-Sweetened Beverages,0.5086954633947657,0.047008926752337976,1.0,0.6329729756461018,0.9090909090909092,0.03781385281385281,1.2860385925085132,10,Unhealthy
남성_장년층(60-74세)_MetS(+),남성,장년층(60-74세),MetS(+),Additional Salt Use,0.5011126402854694,0.05799197552402911,0.7999999999999999,0.7930528335861927,0.7272727272727273,0.00896103896103896,1.5051078320090805,8,Unhealthy
남성_장년층(60-74세)_MetS(+),남성,장년층(60-74세),MetS(+),Salty Food Consumption,0.5887595330850843,0.04689883271271075,0.9,1.0,0.8181818181818182,0.0229004329004329,1.7650397275822929,9,Unhealthy
남성_장년층(60-74세)_MetS(+),남성,장년층(60-74세),MetS(+),Sweet Food Consumption,0.5415484204737538,0.03520924921261672,0.9,0.8582157359623571,0.8181818181818182,0.017186147186147183,1.8989784335981839,9,Healthy
여성_중년층(40-59세)_MetS(+),여성,중년층(40-59세),MetS(+),Grain Products,0.377991814499008,0.03470633052933993,0.7999999999999999,0.41369760762424,0.7272727272727273,0.01712121212121212,2.1226912928759893,8,Healthy
여성_중년층(40-59세)_MetS(+),여성,중년층(40-59세),MetS(+),Protein Foods,0.5943847071944299,0.03603732896611187,1.0,0.9332325853599509,0.9090909090909092,0.046911976911976905,2.9472295514511875,10,Healthy
여성_중년층(40-59세)_MetS(+),여성,중년층(40-59세),MetS(+),Vegetables,0.4014185150388052,0.03782482089819077,0.5999999999999999,0.6876286222650964,0.5454545454545454,0.0127994227994228,2.7651715039577835,6,Healthy
여성_중년층(40-59세)_MetS(+),여성,중년층(40-59세),MetS(+),Dairy Products,0.2684828116244797,0.04422463982837359,0.5,0.33597651897710085,0.4545454545454546,0.00505050505050505,1.8614775725593669,5,Healthy
여성_중년층(40-59세)_MetS(+),여성,중년층(40-59세),MetS(+),Fruits,0.4936379092772345,0.054171438381771866,0.9,0.6732311130817527,0.8181818181818182,0.0475974025974026,2.241424802110818,9,Healthy
여성_중년층(40-59세)_MetS(+),여성,중년층(40-59세),MetS(+),Fried Foods,0.5050358737997138,0.06526162700233328,0.7,0.8964374099959352,0.6363636363636364,0.004292929292929293,1.3931398416886545,7,Unhealthy
여성_중년층(40-59세)_MetS(+),여성,중년층(40-59세),MetS(+),High Fat Meat,0.5329790344673146,0.03613151703781641,0.9,0.8284214255072936,0.8181818181818182,0.012518037518037517,1.3746701846965699,9,Unhealthy
여성_중년층(40-59세)_MetS(+),여성,중년층(40-59세),MetS(+),Processed Foods,0.5594177455013145,0.04854436375328635,0.7999999999999999,1.0,0.7272727272727273,0.010245310245310245,1.437994722955145,8,Unhealthy
여성_중년층(40-59세)_MetS(+),여성,중년층(40-59세),MetS(+),Sugar-Sweetened Beverages,0.5632802416925402,0.06261993202735766,1.0,0.794107562938657,0.9090909090909092,0.040396825396825396,1.274406332453826,10,Unhealthy
여성_중년층(40-59세)_MetS(+),여성,중년층(40-59세),MetS(+),Additional Salt Use,0.4192931912656301,0.021165585962702273,1.0,0.3694231896018305,0.9090909090909092,0.055173160173160166,1.4063324538258575,10,Unhealthy
여성_중년층(40-59세)_MetS(+),여성,중년층(40-59세),MetS(+),Salty Food Consumption,0.39331140752127003,0.01830053161366174,0.7999999999999999,0.48663731625268447,0.7272727272727273,0.006890331890331889,1.6596306068601583,8,Unhealthy
여성_중년층(40-59세)_MetS(+),여성,중년층(40-59세),MetS(+),Sweet Food Consumption,0.5689512935790186,0.0685597822175324,1.0,0.8050912689733524,0.9090909090909092,0.03191197691197691,2.0606860158311346,10,Healthy
여성_장년층(60-74세)_MetS(+),여성,장년층(60-74세),MetS(+),Grain Products,0.22968251510991922,0.03632205115555137,0.39999999999999997,0.31717898215899565,0.36363636363636365,0.00303030303030303,2.217391304347826,4,Healthy
여성_장년층(60-74세)_MetS(+),여성,장년층(60-74세),MetS(+),Protein Foods,0.5462728584129686,0.015682146032421677,0.7999999999999999,1.0,0.7272727272727273,0.042121212121212115,2.851170568561873,8,Healthy
여성_장년층(60-74세)_MetS(+),여성,장년층(60-74세),MetS(+),Vegetables,0.358572515970501,0.029694845758115963,0.5999999999999999,0.5556485922241823,0.5454545454545454,0.017045454545454544,2.8779264214046822,6,Healthy
여성_장년층(60-74세)_MetS(+),여성,장년층(60-74세),MetS(+),Dairy Products,0.37851959497073495,0.034022985310087336,0.7999999999999999,0.4163680028223337,0.7272727272727273,0.042121212121212115,2.0551839464882944,8,Healthy
여성_장년층(60-74세)_MetS(+),여성,장년층(60-74세),MetS(+),Fruits,0.3928214431231154,0.026523946777596875,0.7999999999999999,0.4740395480402555,0.7272727272727273,0.04151515151515151,2.4899665551839463,8,Healthy
여성_장년층(60-74세)_MetS(+),여성,장년층(60-74세),MetS(+),Fried Foods,0.4231500932761602,0.026190517384806634,0.5999999999999999,0.7755796210741254,0.5454545454545454,0.01636363636363636,1.1923076923076923,6,Unhealthy
여성_장년층(60-74세)_MetS(+),여성,장년층(60-74세),MetS(+),High Fat Meat,0.3543837019007471,0.015363231134997855,0.5999999999999999,0.5607946981558265,0.5454545454545454,0.02712121212121212,1.225752508361204,6,Unhealthy
여성_장년층(60-74세)_MetS(+),여성,장년층(60-74세),MetS(+),Processed Foods,0.5441387182376938,0.04138568737877541,1.0,0.7586148109539455,0.9090909090909092,0.09636363636363635,1.1638795986622072,10,Unhealthy
여성_장년층(60-74세)_MetS(+),여성,장년층(60-74세),MetS(+),Sugar-Sweetened Beverages,0.31059450746205214,0.027023357092102684,0.5999999999999999,0.399283882084037,0.5454545454545454,0.012954545454545453,1.12876254180602,6,Unhealthy
여성_장년층(60-74세)_MetS(+),여성,장년층(60-74세),MetS(+),Additional Salt Use,0.32095064069196055,0.01831927483320169,0.5,0.5454097691955996,0.4545454545454546,0.012954545454545453,1.4682274247491638,5,Unhealthy
여성_장년층(60-74세)_MetS(+),여성,장년층(60-74세),MetS(+),Salty Food Consumption,0.44366138455274523,0.0377986392019194,0.7999999999999999,0.6284730962399251,0.7272727272727273,0.08507575757575755,1.637123745819398,8,Unhealthy
여성_장년층(60-74세)_MetS(+),여성,장년층(60-74세),MetS(+),Sweet Food Consumption,0.4559333062267422,0.03729445509783706,0.9,0.5700517472920245,0.8181818181818182,0.05787878787878787,1.8645484949832776,9,Healthy
남성_청년층(19-39세)_MetS(+),남성,청년층(19-39세),MetS(+),Grain Products,0.3396408715930138,0.07951280991976474,0.7,0.3261191587503598,0.6363636363636364,0.03757575757575757,2.003875968992248,7,Healthy
남성_청년층(19-39세)_MetS(+),남성,청년층(19-39세),MetS(+),Protein Foods,0.40874864022573254,0.038897141777342416,0.5999999999999999,0.7106326117159855,0.5454545454545454,0.01787878787878788,3.1763565891472867,6,Healthy
남성_청년층(19-39세)_MetS(+),남성,청년층(19-39세),MetS(+),Vegetables,0.6066328493317954,0.016582123329488614,1.0,1.0,0.9090909090909092,0.09636363636363636,2.565891472868217,10,Healthy
남성_청년층(19-39세)_MetS(+),남성,청년층(19-39세),MetS(+),Dairy Products,0.3485768705622463,0.024439414551207198,0.7,0.4293370158058782,0.6363636363636364,0.02303030303030303,1.800387596899225,7,Healthy
남성_청년층(19-39세)_MetS(+),남성,청년층(19-39세),MetS(+),Fruits,0.3713601539656182,0.052274602579739184,0.7999999999999999,0.36816770977907537,0.7272727272727273,0.038181818181818185,1.5310077519379846,8,Healthy
남성_청년층(19-39세)_MetS(+),남성,청년층(19-39세),MetS(+),Fried Foods,0.4547073734844319,0.03614809757410522,0.7999999999999999,0.6674937815159662,0.7272727272727273,0.047272727272727265,1.7093023255813953,8,Unhealthy
남성_청년층(19-39세)_MetS(+),남성,청년층(19-39세),MetS(+),High Fat Meat,0.4087371939072495,0.02670454374636367,0.5999999999999999,0.7268512546956803,0.5454545454545454,0.02484848484848485,1.9728682170542635,6,Unhealthy
남성_청년층(19-39세)_MetS(+),남성,청년층(19-39세),MetS(+),Processed Foods,0.5128816676022835,0.04110733155034012,0.9,0.7547957832738247,0.8181818181818182,0.07303030303030303,1.7965116279069768,9,Unhealthy
남성_청년층(19-39세)_MetS(+),남성,청년층(19-39세),MetS(+),Sugar-Sweetened Beverages,0.3124669848057717,0.02598901747288702,0.5,0.5069045927220562,0.4545454545454546,0.00909090909090909,1.9709302325581395,5,Unhealthy
남성_청년층(19-39세)_MetS(+),남성,청년층(19-39세),MetS(+),Additional Salt Use,0.3687809569047054,0.04748644715470256,0.5999999999999999,0.5659545934760815,0.5454545454545454,0.018787878787878787,1.7151162790697674,6,Unhealthy
남성_청년층(19-39세)_MetS(+),남성,청년층(19-39세),MetS(+),Salty Food Consumption,0.40957306806703037,0.034656246985969585,0.5999999999999999,0.7190352309088086,0.5454545454545454,0.015757575757575755,1.9127906976744187,6,Unhealthy
남성_청년층(19-39세)_MetS(+),남성,청년층(19-39세),MetS(+),Sweet Food Consumption,0.2936858382953999,0.04671244428004266,0.5999999999999999,0.3166695352779429,0.5454545454545454,0.03454545454545454,2.0775193798449614,6,Healthy
